,Player,RAPTOR,Year
0,Kevin Durant,6.8,2014
1,Chris Paul,11.4,2014
2,Stephen Curry,8.3,2014
3,Paul George,6.0,2014
4,LeBron James,5.2,2014
5,James Harden,6.4,2014
6,Kevin Love,6.6,2014
7,Kyle Lowry,5.6,2014
8,Joakim Noah,5.7,2014
9,Kawhi Leonard,6.6,2014
10,Goran Dragic,5.0,2014
11,Blake Griffin,3.4,2014
12,Dirk Nowitzki,4.2,2014
13,Carmelo Anthony,3.8,2014
14,LaMarcus Aldridge,3.8,2014
15,Manu Ginobili,5.9,2014
16,Damian Lillard,2.8,2014
17,DeMarcus Cousins,5.0,2014
18,Kemba Walker,3.7,2014
19,Paul Millsap,3.6,2014
20,Danny Green,5.1,2014
21,Serge Ibaka,2.5,2014
22,Ricky Rubio,3.7,2014
23,Nicolas Batum,2.1,2014
24,Jimmy Butler,3.3,2014
25,Isaiah Thomas,3.9,2014
26,Klay Thompson,2.5,2014
27,Mike Conley,3.4,2014
28,Russell Westbrook,4.6,2014
29,David West,2.4,2014
30,Deron Williams,3.7,2014
31,Wesley Matthews,2.2,2014
32,Mario Chalmers,3.1,2014
33,George Hill,2.4,2014
34,Trevor Ariza,2.1,2014
35,Marcin Gortat,2.3,2014
36,Patty Mills,5.3,2014
37,John Wall,1.6,2014
38,Anthony Davis,3.5,2014
39,Tim Duncan,2.3,2014
40,DeAndre Jordan,1.7,2014
41,DeMarre Carroll,2.8,2014
42,Draymond Green,4.2,2014
43,Robin Lopez,2.1,2014
44,Andre Iguodala,3.3,2014
45,Chandler Parsons,1.7,2014
46,Vince Carter,3.3,2014
47,Bradley Beal,1.5,2014
48,Ty Lawson,2.9,2014
49,Dwight Howard,2.0,2014
50,Tiago Splitter,3.9,2014
51,Anderson Varejao,4.1,2014
52,Patrick Beverley,3.5,2014
53,Chris Bosh,1.0,2014
54,Channing Frye,2.4,2014
55,Roy Hibbert,1.2,2014
56,Paul Pierce,1.8,2014
57,Darren Collison,2.1,2014
58,Andre Drummond,1.5,2014
59,Kyle Korver,1.4,2014
60,P.J. Tucker,1.7,2014
61,Boris Diaw,1.4,2014
62,Joe Johnson,0.8,2014
63,Reggie Jackson,1.1,2014
64,Marc Gasol,2.0,2014
65,Al Jefferson,1.3,2014
66,Andrew Bogut,3.1,2014
67,Josh McRoberts,1.4,2014
68,Nikola Pekovic,3.3,2014
69,Corey Brewer,1.0,2014
70,DeMar DeRozan,0.3,2014
71,Kyrie Irving,1.2,2014
72,David Lee,1.1,2014
73,Gordon Hayward,0.6,2014
74,Chris Andersen,2.8,2014
75,Eric Bledsoe,3.7,2014
76,Courtney Lee,1.4,2014
77,Monta Ellis,0.0,2014
78,JJ Redick,3.9,2014
79,Jeremy Lin,1.1,2014
80,Jared Sullinger,1.5,2014
81,Tony Allen,2.9,2014
82,Shane Battier,2.4,2014
83,Randy Foye,0.7,2014
84,Mike Dunleavy,0.3,2014
85,Rudy Gay,0.6,2014
86,Amir Johnson,0.7,2014
87,Luol Deng,0.9,2014
88,Lance Stephenson,-0.4,2014
89,Jae Crowder,3.1,2014
90,Kris Humphries,3.0,2014
91,Zach Randolph,0.0,2014
92,Dwyane Wade,0.4,2014
93,Ray Allen,0.2,2014
94,Taj Gibson,0.2,2014
95,Greg Monroe,0.0,2014
96,Kirk Hinrich,0.4,2014
97,Jeff Teague,-0.1,2014
98,Michael Carter-Williams,0.1,2014
99,Jamal Crawford,0.1,2014
100,Derek Fisher,1.3,2014
101,Tony Parker,-0.1,2014
102,Michael Kidd-Gilchrist,1.7,2014
103,Nene,0.9,2014
104,Terrence Ross,0.2,2014
105,Iman Shumpert,0.7,2014
106,Greivis Vasquez,0.7,2014
107,Nick Young,0.9,2014
108,Marco Belinelli,0.0,2014
109,Andray Blatche,0.9,2014
110,Alec Burks,0.2,2014
111,Tyreke Evans,0.4,2014
112,Spencer Hawes,-0.2,2014
113,Shaun Livingston,0.1,2014
114,Jose Calderon,-0.4,2014
115,Wilson Chandler,0.5,2014
116,Nick Collison,1.3,2014
117,Gerald Green,-0.1,2014
118,Matt Barnes,0.0,2014
119,Devin Harris,3.4,2014
120,Shelvin Mack,1.0,2014
121,Rashard Lewis,1.8,2014
122,Samuel Dalembert,0.5,2014
123,Jrue Holiday,2.2,2014
124,Brandon Jennings,-0.7,2014
125,Jeremy Lamb,0.7,2014
126,Jodie Meeks,-0.6,2014
127,Patrick Patterson,0.5,2014
128,Thabo Sefolosha,0.3,2014
129,Kyle Singler,-0.3,2014
130,Matthew Dellavedova,1.5,2014
131,Pablo Prigioni,1.6,2014
132,D.J. Augustin,-0.1,2014
133,Nikola Vucevic,0.1,2014
134,Avery Bradley,0.0,2014
135,Khris Middleton,-0.7,2014
136,Victor Oladipo,-0.7,2014
137,C.J. Watson,0.7,2014
138,Nate Wolters,1.2,2014
139,Jeremy Evans,1.3,2014
140,Derrick Favors,-0.5,2014
141,CJ Miles,2.2,2014
142,James Johnson,1.9,2014
143,Marcus Morris Sr.,-0.2,2014
144,Nick Calathes,1.1,2014
145,Omri Casspi,0.8,2014
146,Raymond Felton,-0.5,2014
147,Terrence Jones,-0.7,2014
148,Kosta Koufos,0.5,2014
149,Markieff Morris,-0.7,2014
150,Anthony Morrow,0.4,2014
151,Timofey Mozgov,-0.2,2014
152,Josh Smith,-1.1,2014
153,Tyler Zeller,1.5,2014
154,Mirza Teletovic,-0.1,2014
155,Marcus Thornton,-0.4,2014
156,Jonas Valanciunas,-1.0,2014
157,Tyson Chandler,-0.3,2014
158,E'Twaun Moore,0.0,2014
159,Nate Robinson,2.0,2014
160,Al-Farouq Aminu,-0.9,2014
161,Jared Dudley,-0.5,2014
162,Anthony Tolliver,0.2,2014
163,Brandan Wright,0.6,2014
164,Ian Mahinmi,-0.2,2014
165,Alan Anderson,-1.0,2014
166,Giannis Antetokounmpo,-0.9,2014
167,Ed Davis,0.8,2014
168,Xavier Henry,1.1,2014
169,Al Horford,0.9,2014
170,Kentavious Caldwell-Pope,-0.7,2014
171,Kenneth Faried,-1.2,2014
172,Maurice Harkless,-1.0,2014
173,Brandon Knight,-1.3,2014
174,Brook Lopez,3.5,2014
175,Kenyon Martin,2.6,2014
176,JR Smith,-1.4,2014
177,Kyle O'Quinn,-0.1,2014
178,Jan Vesely,1.4,2014
179,Gerald Wallace,-0.5,2014
180,Marvin Williams,-0.9,2014
181,DeJuan Blair,-0.6,2014
182,Elton Brand,-0.8,2014
183,Jordan Hill,-0.8,2014
184,Cory Joseph,0.2,2014
185,Shawn Marion,-1.6,2014
186,Kevin Martin,-1.4,2014
187,Jason Thompson,-1.3,2014
188,Dion Waiters,-1.3,2014
189,Ryan Anderson,0.6,2014
190,Omer Asik,-0.3,2014
191,Matt Bonner,0.6,2014
192,Kevin Garnett,-0.7,2014
193,Andre Miller,-0.1,2014
194,Martell Webster,-1.6,2014
195,Dorell Wright,-0.2,2014
196,Pero Antic,-0.5,2014
197,Robbie Hummel,1.1,2014
198,Ronny Turiaf,1.6,2014
199,Arron Afflalo,-1.8,2014
200,Aaron Brooks,-1.3,2014
201,Dante Cunningham,-1.3,2014
202,Jordan Farmar,-0.1,2014
203,Chuck Hayes,0.3,2014
204,Gerald Henderson,-1.8,2014
205,Ish Smith,-0.4,2014
206,Amar'e Stoudemire,-1.2,2014
207,Jeff Withey,0.6,2014
208,Steve Blake,-1.3,2014
209,Trey Burke,-1.8,2014
210,Jordan Crawford,-1.7,2014
211,Drew Gooden,1.1,2014
212,Josh Harrellson,4.2,2014
213,Andrei Kirilenko,-0.7,2014
214,Kelly Olynyk,-1.2,2014
215,Shawne Williams,0.1,2014
216,Cole Aldrich,3.4,2014
217,Luke Babbitt,1.2,2014
218,Chris Douglas-Roberts,-0.9,2014
219,Jimmer Fredette,1.0,2014
220,Jon Leuer,0.2,2014
221,Zaza Pachulia,-1.2,2014
222,Phil Pressey,-1.0,2014
223,Austin Rivers,-1.2,2014
224,Brian Roberts,-1.5,2014
225,Ramon Sessions,-1.8,2014
226,Thaddeus Young,-2.0,2014
227,Richard Jefferson,-2.0,2014
228,Ryan Kelly,-1.3,2014
229,Darius Miller,-0.4,2014
230,Steve Novak,0.4,2014
231,Miles Plumlee,-1.8,2014
232,Tayshaun Prince,-1.9,2014
233,Mike Harris,4.6,2014
234,Tobias Harris,-1.9,2014
235,Ersan Ilyasova,-1.7,2014
236,Shane Larkin,0.3,2014
237,Metta World Peace,1.4,2014
238,Henry Sims,-1.1,2014
239,Beno Udrih,-0.8,2014
240,Steven Adams,-1.8,2014
241,Danny Granger,-1.4,2014
242,Tyler Hansbrough,-1.3,2014
243,James Jones,1.1,2014
244,Chris Kaman,-0.8,2014
245,Cartier Martin,-1.3,2014
246,Jermaine O'Neal,-1.3,2014
247,Hedo Turkoglu,0.3,2014
248,Darrell Arthur,-1.7,2014
249,Gustavo Ayon,0.1,2014
250,Will Barton,-0.4,2014
251,Michael Beasley,-1.5,2014
252,Jordan Hamilton,-1.6,2014
253,Perry Jones III,-1.2,2014
254,Cody Zeller,-2.0,2014
255,MarShon Brooks,0.3,2014
256,Victor Claver,2.1,2014
257,Norris Cole,-2.4,2014
258,Francisco Garcia,-1.8,2014
259,Garrett Temple,-1.2,2014
260,Casper Ware,5.0,2014
261,Quincy Acy,-1.8,2014
262,Jeff Adrien,-1.9,2014
263,Kent Bazemore,-2.0,2014
264,Lorenzo Brown,0.7,2014
265,Troy Daniels,3.2,2014
266,Landry Fields,-0.5,2014
267,Evan Fournier,-2.2,2014
268,Rudy Gobert,-0.9,2014
269,Ryan Hollins,-1.1,2014
270,Mike Miller,-2.3,2014
271,Andre Roberson,-0.7,2014
272,Andrea Bargnani,-2.3,2014
273,Jerryd Bayless,-2.4,2014
274,Bismack Biyombo,-2.3,2014
275,Trevor Booker,-2.4,2014
276,Chase Budinger,-2.0,2014
277,Jared Cunningham,3.9,2014
278,Dewayne Dedmon,-1.1,2014
279,Joel Freeland,-2.0,2014
280,Pau Gasol,-2.4,2014
281,Jarrett Jack,-2.5,2014
282,Jameer Nelson,-2.4,2014
283,Shavlik Randolph,3.7,2014
284,J.J. Barea,-2.5,2014
285,Nando De Colo,-2.1,2014
286,Chris Copeland,-1.6,2014
287,Wayne Ellington,-1.7,2014
288,Chris Johnson,-2.3,2014
289,Tony L. Mitchell,2.1,2014
290,Nazr Mohammed,-2.1,2014
291,Daniel Orton,-1.0,2014
292,Kendrick Perkins,-2.5,2014
293,Ronnie Price,-1.7,2014
294,Miroslav Raduljica,-2.1,2014
295,Anthony Randolph,-2.2,2014
296,Larry Sanders,-2.2,2014
297,Kevin Seraphin,-2.2,2014
298,James Southerland,9.9,2014
299,Jeff Ayres,-2.6,2014
300,Leandro Barbosa,-2.2,2014
301,Keith Bogans,0.8,2014
302,Josh Childress,5.7,2014
303,Robert Covington,2.9,2014
304,Seth Curry,19.6,2014
305,Toney Douglas,-2.7,2014
306,Jorge Gutierrez,-2.0,2014
307,Stephen Jackson,-0.8,2014
308,Mike L. James,0.3,2014
309,Othyus Jeffers,3.2,2014
310,Ricky Ledo,4.0,2014
311,Roger Mason Jr.,-1.7,2014
312,Ray McCallum,-2.5,2014
313,Tony Mitchell,18.6,2014
314,Toure' Murry,-2.1,2014
315,Glen Rice,-0.7,2014
316,John Salmons,-2.6,2014
317,Alexey Shved,-2.3,2014
318,Adonis Thomas,3.5,2014
319,Chris Wright,-0.8,2014
320,Alexis Ajinca,-2.8,2014
321,Andris Biedrins,-3.1,2014
322,Vander Blue,-7.4,2014
323,Reggie Bullock,-2.9,2014
324,Brandon Davies,-2.7,2014
325,Glen Davis,-2.8,2014
326,Austin Daye,-2.7,2014
327,Shane Edwards,-8.6,2014
328,Carrick Felix,-1.4,2014
329,Ryan Gomes,-4.1,2014
330,Aaron Gray,-2.6,2014
331,Al Harrington,-2.7,2014
332,Elias Harris,-4.6,2014
333,Solomon Hill,-2.5,2014
334,Scotty Hopson,-10.8,2014
335,Royal Ivey,-19.1,2014
336,Damion James,-3.1,2014
337,Jonas Jerebko,-2.6,2014
338,DeAndre Liggins,24.7,2014
339,CJ McCollum,-2.9,2014
340,Donatas Motiejunas,-2.7,2014
341,Arinze Onuaku,-2.1,2014
342,Travis Outlaw,-2.7,2014
343,Jannero Pargo,-2.8,2014
344,Dexter Pittman,12.1,2014
345,AJ Price,-2.4,2014
346,Greg Smith,-2.3,2014
347,DJ Stephens,0.4,2014
348,Jarvis Varnado,-3.1,2014
349,Maalik Wayns,1.5,2014
350,DJ White,-3.5,2014
351,Reggie Williams,-7.2,2014
352,Hilton Armstrong,-4.7,2014
353,Chris Babb,-3.5,2014
354,Melvin Ely,-7.8,2014
355,Jamaal Franklin,-3.9,2014
356,Manny Harris,-4.2,2014
357,Darius Johnson-Odom,-13.9,2014
358,Solomon Jones,-4.2,2014
359,JaVale McGee,-5.8,2014
360,Shabazz Muhammad,-3.7,2014
361,Thomas Robinson,-2.9,2014
362,Mustafa Shakur,-17.5,2014
363,Chris Smith,-53.6,2014
364,Lance Thomas,-9.5,2014
365,Sasha Vujacic,-20.2,2014
366,Royce White,-25.0,2014
367,Lavoy Allen,-3.0,2014
368,Lou Amundson,-5.5,2014
369,Joel Anthony,-4.8,2014
370,Dwight Buycks,-6.0,2014
371,Isaiah Canaan,-4.3,2014
372,Dionte Christmas,-4.5,2014
373,Allen Crabbe,-6.3,2014
374,Gigi Datome,-4.2,2014
375,Gorgui Dieng,-3.2,2014
376,Reggie Evans,-3.2,2014
377,Archie Goodwin,-3.6,2014
378,Justin Hamilton,-7.6,2014
379,Antawn Jamison,-4.1,2014
380,Orlando Johnson,-3.6,2014
381,Steve Nash,-4.2,2014
382,James Nunnally,-4.4,2014
383,Greg Oden,-4.3,2014
384,Mason Plumlee,-3.0,2014
385,Josh Powell,-18.7,2014
386,Rajon Rondo,-3.1,2014
387,Derrick Rose,-4.2,2014
388,Julyan Stone,-6.9,2014
389,Jason Terry,-3.5,2014
390,Lou Williams,-3.0,2014
391,Aron Baynes,-3.8,2014
392,Kobe Bryant,-6.3,2014
393,Rasual Butler,-4.2,2014
394,Ian Clark,-5.6,2014
395,Vitor Faverani,-4.1,2014
396,Ben Gordon,-5.1,2014
397,Carl Landry,-4.9,2014
398,Jason Maxiell,-3.9,2014
399,Darius Morris,-4.7,2014
400,Arnett Moultrie,-6.3,2014
401,Hamady Ndiaye,-10.4,2014
402,Malcolm Thomas,-13.0,2014
403,Jeremy Tyler,-4.4,2014
404,Mo Williams,-3.0,2014
405,Ronnie Brewer,-8.1,2014
406,Will Bynum,-3.5,2014
407,JJ Hickson,-3.2,2014
408,Bernard James,-8.3,2014
409,Viacheslav Kravtsov,-15.2,2014
410,Doron Lamb,-3.9,2014
411,O.J. Mayo,-3.4,2014
412,Peyton Siva,-6.0,2014
413,Charlie Villanueva,-7.4,2014
414,Brandon Bass,-3.2,2014
415,Ognjen Kuzmic,-12.0,2014
416,Quincy Miller,-3.9,2014
417,Erik Murphy,-19.2,2014
418,Otto Porter Jr.,-5.9,2014
419,Jamaal Tinsley,-11.0,2014
420,Andrew Bynum,-5.1,2014
421,Eric Gordon,-3.3,2014
422,Willie Green,-4.1,2014
423,John Henson,-3.4,2014
424,John Jenkins,-10.6,2014
425,Quincy Pondexter,-7.0,2014
426,Luke Ridnour,-3.7,2014
427,Robert Sacre,-3.8,2014
428,Tornike Shengelia,-10.5,2014
429,Jason Smith,-4.3,2014
430,Tony Snell,-3.7,2014
431,Hollis Thompson,-3.4,2014
432,Earl Watson,-9.5,2014
433,James Anderson,-3.4,2014
434,Chauncey Billups,-7.1,2014
435,Wesley Johnson,-3.4,2014
436,Sergey Karasev,-11.0,2014
437,John Lucas III,-5.1,2014
438,Nemanja Nedovic,-11.9,2014
439,Chris Singleton,-8.0,2014
440,Rodney Stuckey,-3.4,2014
441,Hasheem Thabeet,-10.1,2014
442,Shannon Brown,-9.0,2014
443,Jason Collins,-12.2,2014
444,Kendall Marshall,-3.8,2014
445,Luc Mbah a Moute,-4.3,2014
446,Donald Sloan,-6.6,2014
447,Greg Stiemsma,-4.2,2014
448,Meyers Leonard,-7.4,2014
449,Luis Scola,-3.8,2014
450,Jeffery Taylor,-5.5,2014
451,Tony Wroten,-3.8,2014
452,Mike Muscala,-11.4,2014
453,Tristan Thompson,-3.5,2014
454,Gal Mekel,-9.9,2014
455,Andrew Nicholson,-4.5,2014
456,Harrison Barnes,-3.8,2014
457,Caron Butler,-4.0,2014
458,Diante Garrett,-5.1,2014
459,Alex Len,-9.4,2014
460,Byron Mullens,-8.5,2014
461,Brandon Rush,-8.6,2014
462,Marreese Speights,-5.3,2014
463,Derrick Williams,-4.2,2014
464,Earl Clark,-6.4,2014
465,Alonzo Gee,-5.4,2014
466,Mike Scott,-4.5,2014
467,Tyshawn Taylor,-13.0,2014
468,Jeff Green,-3.8,2014
469,Udonis Haslem,-6.5,2014
470,Gary Neal,-5.1,2014
471,Anthony Bennett,-7.6,2014
472,Eric Maynor,-12.3,2014
473,Marquis Teague,-10.2,2014
474,Dennis Schroder,-9.3,2014
475,Evan Turner,-4.3,2014
476,Ekpe Udoh,-8.1,2014
477,Tim Hardaway Jr.,-5.6,2014
478,Elliot Williams,-7.2,2014
479,Enes Kanter,-5.4,2014
480,Ben McLemore,-5.6,2014
481,Carlos Boozer,-5.9,2014
0,Stephen Curry,11.0,2015
1,Chris Paul,10.7,2015
2,James Harden,7.5,2015
3,Draymond Green,7.3,2015
4,Anthony Davis,8.5,2015
5,LeBron James,5.0,2015
6,Kawhi Leonard,8.2,2015
7,Klay Thompson,4.5,2015
8,DeAndre Jordan,4.4,2015
9,Danny Green,6.2,2015
10,Kyrie Irving,4.1,2015
11,Marc Gasol,4.3,2015
12,Kyle Korver,4.2,2015
13,Jimmy Butler,4.0,2015
14,Russell Westbrook,5.6,2015
15,Paul Millsap,3.7,2015
16,LaMarcus Aldridge,3.9,2015
17,Khris Middleton,4.1,2015
18,Blake Griffin,3.0,2015
19,DeMarcus Cousins,5.4,2015
20,Gordon Hayward,3.4,2015
21,Kevin Love,3.4,2015
22,Kyle Lowry,3.6,2015
23,Tim Duncan,3.8,2015
24,Eric Bledsoe,2.9,2015
25,Marcin Gortat,3.0,2015
26,Damian Lillard,2.4,2015
27,Trevor Ariza,1.6,2015
28,JJ Redick,2.5,2015
29,Jeff Teague,2.7,2015
30,John Wall,2.1,2015
31,DeMarre Carroll,2.7,2015
32,Rudy Gobert,4.1,2015
33,Mike Conley,3.1,2015
34,Al Horford,2.4,2015
35,Tony Allen,4.4,2015
36,Matt Barnes,2.2,2015
37,Ty Lawson,2.1,2015
38,Wesley Matthews,3.6,2015
39,Timofey Mozgov,2.2,2015
40,Zach Randolph,2.1,2015
41,Monta Ellis,1.6,2015
42,Rudy Gay,2.4,2015
43,Tyson Chandler,2.3,2015
44,Andre Iguodala,1.6,2015
45,Lou Williams,2.7,2015
46,Pau Gasol,1.1,2015
47,Joakim Noah,2.0,2015
48,Bradley Beal,1.8,2015
49,Derrick Favors,2.3,2015
50,Nikola Mirotic,3.5,2015
51,Andrew Bogut,2.8,2015
52,Serge Ibaka,2.6,2015
53,Iman Shumpert,2.2,2015
54,JR Smith,1.4,2015
55,Luol Deng,1.7,2015
56,Manu Ginobili,3.4,2015
57,Tristan Thompson,0.9,2015
58,Darren Collison,4.0,2015
59,George Hill,5.6,2015
60,Kemba Walker,2.4,2015
61,Zaza Pachulia,2.7,2015
62,Kevin Durant,7.9,2015
63,Tyreke Evans,0.8,2015
64,Anthony Morrow,2.7,2015
65,Patrick Patterson,1.6,2015
66,Derrick Rose,2.0,2015
67,Chandler Parsons,1.5,2015
68,Jared Dudley,2.4,2015
69,Dwight Howard,2.5,2015
70,Thaddeus Young,0.8,2015
71,Brook Lopez,1.2,2015
72,Reggie Jackson,1.3,2015
73,Deron Williams,1.1,2015
74,Al-Farouq Aminu,3.0,2015
75,Mike Dunleavy,1.1,2015
76,Devin Harris,2.2,2015
77,Dirk Nowitzki,0.9,2015
78,Elfrid Payton,0.8,2015
79,Josh Smith,0.5,2015
80,Jae Crowder,2.1,2015
81,Kelly Olynyk,2.8,2015
82,Marcus Smart,1.7,2015
83,Isaiah Thomas,1.7,2015
84,P.J. Tucker,0.8,2015
85,Nicolas Batum,0.4,2015
86,Mario Chalmers,0.8,2015
87,Goran Dragic,0.3,2015
88,Danilo Gallinari,3.0,2015
89,Paul Pierce,0.9,2015
90,Kentavious Caldwell-Pope,0.3,2015
91,Jonas Jerebko,3.4,2015
92,CJ Miles,1.6,2015
93,Ed Davis,1.6,2015
94,Jeremy Lin,1.4,2015
95,Tiago Splitter,4.0,2015
96,Jonas Valanciunas,0.7,2015
97,Alan Anderson,1.2,2015
98,Robert Covington,1.0,2015
99,Michael Kidd-Gilchrist,2.0,2015
100,Hassan Whiteside,3.7,2015
101,J.J. Barea,2.1,2015
102,Jrue Holiday,2.6,2015
103,Cody Zeller,2.0,2015
104,Harrison Barnes,-0.5,2015
105,Patrick Beverley,1.2,2015
106,Kenneth Faried,0.5,2015
107,Ersan Ilyasova,2.0,2015
108,Brandon Jennings,3.2,2015
109,Amir Johnson,0.5,2015
110,Corey Brewer,-0.1,2015
111,Gerald Henderson,0.1,2015
112,Ben McLemore,-0.2,2015
113,Markieff Morris,-0.2,2015
114,Nene,0.6,2015
115,Thabo Sefolosha,4.0,2015
116,Jason Terry,0.3,2015
117,Omer Asik,0.5,2015
118,Andre Roberson,2.2,2015
119,Jared Sullinger,1.2,2015
120,James Johnson,1.8,2015
121,Brandon Knight,0.3,2015
122,Ricky Rubio,6.1,2015
123,Brandan Wright,1.7,2015
124,Andre Drummond,-0.3,2015
125,Greg Monroe,0.1,2015
126,CJ McCollum,2.4,2015
127,Marvin Williams,0.1,2015
128,Carmelo Anthony,1.3,2015
129,Robin Lopez,0.5,2015
130,Donatas Motiejunas,0.1,2015
131,Luis Scola,0.7,2015
132,Rodney Stuckey,0.3,2015
133,C.J. Watson,1.3,2015
134,Trevor Booker,0.7,2015
135,Cory Joseph,0.9,2015
136,Marcus Morris Sr.,-0.1,2015
137,Victor Oladipo,-0.7,2015
138,Steven Adams,0.1,2015
139,Mo Williams,-0.2,2015
140,Ryan Anderson,0.1,2015
141,Nick Calathes,2.3,2015
142,Wilson Chandler,-0.7,2015
143,Langston Galloway,0.7,2015
144,Kosta Koufos,0.5,2015
145,Meyers Leonard,2.3,2015
146,Patty Mills,2.5,2015
147,Otto Porter Jr.,0.0,2015
148,Pablo Prigioni,0.5,2015
149,Tyler Zeller,-0.1,2015
150,Tyler Hansbrough,1.3,2015
151,Roy Hibbert,-0.4,2015
152,Amar'e Stoudemire,0.7,2015
153,Dwyane Wade,-0.5,2015
154,Lavoy Allen,1.2,2015
155,Giannis Antetokounmpo,-1.2,2015
156,Wayne Ellington,-0.2,2015
157,Gerald Green,0.1,2015
158,Darrell Arthur,1.4,2015
159,Chris Bosh,-0.1,2015
160,Tobias Harris,-1.0,2015
161,Alex Len,-0.1,2015
162,Jusuf Nurkic,1.0,2015
163,Tony Snell,0.0,2015
164,Drew Gooden,1.0,2015
165,Jeff Green,-1.3,2015
166,Dorell Wright,4.0,2015
167,Kevin Garnett,1.3,2015
168,Kris Humphries,0.0,2015
169,Courtney Lee,-1.4,2015
170,Alexis Ajinca,1.0,2015
171,Pero Antic,-0.1,2015
172,Michael Carter-Williams,-1.4,2015
173,Joe Johnson,-1.6,2015
174,Luc Mbah a Moute,-1.0,2015
175,Aron Baynes,-0.1,2015
176,DeMar DeRozan,-1.4,2015
177,Boris Diaw,-1.3,2015
178,Enes Kanter,-1.2,2015
179,Shabazz Muhammad,0.7,2015
180,David West,-1.1,2015
181,Jodie Meeks,-0.8,2015
182,Terrence Ross,-1.4,2015
183,Evan Turner,-1.6,2015
184,Beno Udrih,-1.0,2015
185,Rasual Butler,-0.9,2015
186,Vince Carter,-0.6,2015
187,Taj Gibson,-1.3,2015
188,Joe Ingles,-1.1,2015
189,Ian Mahinmi,-0.3,2015
190,Brian Roberts,-0.7,2015
191,Anthony Tolliver,-0.9,2015
192,Nikola Vucevic,-1.7,2015
193,Nick Young,0.0,2015
194,Jarrett Jack,-1.7,2015
195,Kevin Martin,-0.8,2015
196,Elijah Millsap,0.1,2015
197,Nerlens Noel,-1.6,2015
198,Marcus Thornton,0.9,2015
199,Will Barton,-0.3,2015
200,Matthew Dellavedova,-1.5,2015
201,Evan Fournier,-1.4,2015
202,Joel Freeland,0.9,2015
203,Solomon Hill,-1.7,2015
204,Rodney Hood,-0.6,2015
205,Richard Jefferson,-0.9,2015
206,O.J. Mayo,-1.5,2015
207,Thomas Robinson,0.1,2015
208,Rajon Rondo,-1.6,2015
209,Matt Bonner,-0.6,2015
210,Nick Collison,-0.9,2015
211,Eric Gordon,-1.8,2015
212,Mike Muscala,0.7,2015
213,Jameer Nelson,-1.2,2015
214,Nikola Pekovic,0.0,2015
215,D.J. Augustin,-1.7,2015
216,Bojan Bogdanovic,-1.8,2015
217,Jordan Clarkson,-1.4,2015
218,Jeremy Evans,5.0,2015
219,Cory Jefferson,1.0,2015
220,Quincy Pondexter,-1.7,2015
221,Anderson Varejao,0.4,2015
222,Trey Burke,-2.0,2015
223,Caron Butler,-1.7,2015
224,Gorgui Dieng,-1.9,2015
225,Tyler Johnson,0.2,2015
226,Mirza Teletovic,-0.9,2015
227,Lou Amundson,-1.1,2015
228,Aaron Brooks,-1.9,2015
229,Isaiah Canaan,-1.1,2015
230,James Ennis III,-1.3,2015
231,Justin Holiday,-0.5,2015
232,Wesley Johnson,-2.0,2015
233,Sergey Karasev,0.1,2015
234,David Lee,-1.2,2015
235,Kendall Marshall,1.1,2015
236,Jason Thompson,-2.0,2015
237,Jordan Adams,2.6,2015
238,Cole Aldrich,-1.3,2015
239,Al Jefferson,-2.1,2015
240,Shaun Livingston,-2.0,2015
241,E'Twaun Moore,-0.2,2015
242,Miles Plumlee,-1.5,2015
243,Ronnie Price,-1.3,2015
244,Tayshaun Prince,-1.8,2015
245,Larry Sanders,-0.5,2015
246,Alexey Shved,-1.2,2015
247,Dion Waiters,-2.1,2015
248,Henry Walker,-0.6,2015
249,Chris Andersen,-1.7,2015
250,Jerryd Bayless,-2.1,2015
251,Marco Belinelli,-1.9,2015
252,Jamal Crawford,-2.2,2015
253,PJ Hairston,-1.2,2015
254,Bernard James,4.4,2015
255,Chris Johnson,-0.7,2015
256,James Jones,-1.5,2015
257,Jeremy Lamb,-0.9,2015
258,Kyle Singler,-2.1,2015
259,Garrett Temple,-1.2,2015
260,Hollis Thompson,-2.1,2015
261,Steve Blake,-2.1,2015
262,Avery Bradley,-2.4,2015
263,Markel Brown,-1.5,2015
264,Dante Cunningham,-2.1,2015
265,Dewayne Dedmon,-1.6,2015
266,Raymond Felton,0.6,2015
267,Channing Frye,-2.3,2015
268,Justin Hamilton,-1.4,2015
269,John Henson,-2.0,2015
270,Jordan Hill,-2.2,2015
271,Quincy Miller,5.4,2015
272,Kyle O'Quinn,-1.5,2015
273,AJ Price,0.5,2015
274,Andrew Wiggins,-2.4,2015
275,Joel Anthony,-0.7,2015
276,Leandro Barbosa,-2.1,2015
277,Bismack Biyombo,-2.2,2015
278,Samuel Dalembert,-1.3,2015
279,Toney Douglas,1.7,2015
280,Paul George,6.3,2015
281,Aaron Gordon,-1.9,2015
282,Chuck Hayes,0.6,2015
283,Mitch McGary,-1.2,2015
284,Josh McRoberts,-0.3,2015
285,Nazr Mohammed,2.9,2015
286,Shawne Williams,-2.1,2015
287,Jeff Adrien,-0.1,2015
288,Elton Brand,-1.6,2015
289,Kobe Bryant,-2.3,2015
290,Reggie Bullock,-1.2,2015
291,Allen Crabbe,-2.1,2015
292,Gigi Datome,0.2,2015
293,Jerami Grant,-2.3,2015
294,Nate Robinson,-1.6,2015
295,Furkan Aldemir,-2.0,2015
296,Luke Babbitt,-2.2,2015
297,Kent Bazemore,-2.5,2015
298,Lorenzo Brown,-2.1,2015
299,Jack Cooley,2.0,2015
300,Joey Dorsey,-2.3,2015
301,Jordan Farmar,-1.8,2015
302,JaMychal Green,-0.7,2015
303,Shane Larkin,-2.5,2015
304,Shelvin Mack,-2.4,2015
305,Andre Miller,-2.5,2015
306,Jannero Pargo,3.6,2015
307,Tony Parker,-2.6,2015
308,Mason Plumlee,-2.6,2015
309,Phil Pressey,-2.2,2015
310,Luke Ridnour,-2.1,2015
311,Hedo Turkoglu,-2.2,2015
312,Gerald Wallace,-1.4,2015
313,Jeff Withey,-0.9,2015
314,Arron Afflalo,-2.7,2015
315,Tarik Black,-2.7,2015
316,Clint Capela,-1.9,2015
317,Ian Clark,-1.2,2015
318,Troy Daniels,-2.1,2015
319,Reggie Evans,-2.6,2015
320,Alonzo Gee,-2.6,2015
321,Willie Green,-2.5,2015
322,John Jenkins,-2.5,2015
323,Chris Kaman,-2.6,2015
324,Devyn Marble,-2.2,2015
325,Jason Maxiell,-2.5,2015
326,James Michael McAdoo,-1.5,2015
327,Arinze Onuaku,0.3,2015
328,Ramon Sessions,-2.6,2015
329,Russ Smith,-0.3,2015
330,David Stockton,4.9,2015
331,Jarnell Stokes,-1.3,2015
332,Elliot Williams,-1.4,2015
333,Jerrelle Benimon,-4.8,2015
334,Sim Bhullar,9.8,2015
335,Chase Budinger,-2.8,2015
336,Omri Casspi,-2.8,2015
337,Will Cherry,-3.8,2015
338,Victor Claver,-1.7,2015
339,Spencer Dinwiddie,-2.7,2015
340,Festus Ezeli,-2.7,2015
341,Jorge Gutierrez,-2.3,2015
342,Maurice Harkless,-2.9,2015
343,Ryan Hollins,-2.7,2015
344,Lester Hudson,-3.8,2015
345,Robbie Hummel,-2.9,2015
346,Terrence Jones,-2.7,2015
347,Sean Kilpatrick,-1.7,2015
348,Malcolm Lee,-8.0,2015
349,Kalin Lucas,-15.9,2015
350,Shawn Marion,-2.8,2015
351,Kenyon Martin,-2.2,2015
352,Ray McCallum,-2.8,2015
353,Gal Mekel,-4.4,2015
354,Eric Moreland,11.0,2015
355,Dwight Powell,-3.0,2015
356,Jason Richardson,-2.8,2015
357,Tyrus Thomas,-7.2,2015
358,Charlie Villanueva,-2.7,2015
359,David Wear,-7.5,2015
360,Quincy Acy,-2.9,2015
361,Shannon Brown,-6.0,2015
362,Jared Cunningham,-4.4,2015
363,Seth Curry,-29.0,2015
364,Andre Dawkins,-11.9,2015
365,Jamaal Franklin,-20.0,2015
366,Xavier Henry,-4.0,2015
367,Jerome Jordan,-3.2,2015
368,Alex Kirk,-13.4,2015
369,Toure' Murry,-10.9,2015
370,Lucas Nogueira,-11.4,2015
371,Miroslav Raduljica,-11.3,2015
372,Glenn Robinson III,-3.6,2015
373,Ish Smith,-3.1,2015
374,Sebastian Telfair,-3.4,2015
375,Ronny Turiaf,-17.1,2015
376,Ekpe Udoh,-3.6,2015
377,T.J. Warren,-3.1,2015
378,Cameron Bairstow,-7.5,2015
379,Brandon Bass,-3.0,2015
380,Michael Beasley,-3.7,2015
381,Alec Burks,-3.3,2015
382,Earl Clark,-6.8,2015
383,Tim Frazier,-4.2,2015
384,Brendan Haywood,-6.4,2015
385,Andrei Kirilenko,-11.2,2015
386,Cartier Martin,-5.2,2015
387,Jerel McNeal,-11.1,2015
388,Shabazz Napier,-3.1,2015
389,Julius Randle,-31.8,2015
390,Shavlik Randolph,-6.5,2015
391,Glen Rice,-13.8,2015
392,Robert Sacre,-3.1,2015
393,Donald Sloan,-3.0,2015
394,Greg Stiemsma,-8.9,2015
395,Noah Vonleh,-4.2,2015
396,Shayne Whittington,-5.9,2015
397,James Young,-4.0,2015
398,Vander Blue,-11.2,2015
399,Bruno Caboclo,-31.7,2015
400,Patrick Christopher,-23.9,2015
401,Bryce Cotton,-6.1,2015
402,Brandon Davies,-4.2,2015
403,Zoran Dragic,-11.7,2015
404,Landry Fields,-5.5,2015
405,Randy Foye,-3.2,2015
406,Jimmer Fredette,-3.8,2015
407,Francisco Garcia,-5.6,2015
408,Drew Gordon,-11.7,2015
409,Erick Green,-4.4,2015
410,Ognjen Kuzmic,-10.8,2015
411,Carl Landry,-3.3,2015
412,Jon Leuer,-3.5,2015
413,KJ McDaniels,-3.2,2015
414,Darius Miller,-16.7,2015
415,Greivis Vasquez,-3.0,2015
416,CJ Wilcox,-9.1,2015
417,Reggie Williams,-9.2,2015
418,Dwight Buycks,-9.2,2015
419,Austin Daye,-4.9,2015
420,Chris Douglas-Roberts,-10.9,2015
421,Tyler Ennis,-4.7,2015
422,Jordan Hamilton,-9.1,2015
423,Grant Jerrett,-17.1,2015
424,Dahntay Jones,-8.2,2015
425,John Lucas III,-5.4,2015
426,Marreese Speights,-3.3,2015
427,Nate Wolters,-5.9,2015
428,Tony Wroten,-3.7,2015
429,Carlos Boozer,-3.4,2015
430,Larry Drew II,-7.2,2015
431,Kirk Hinrich,-3.3,2015
432,Joffrey Lauvergne,-6.7,2015
433,Darius Morris,-6.1,2015
434,Kevin Seraphin,-3.5,2015
435,Greg Smith,-5.5,2015
436,Archie Goodwin,-4.9,2015
437,Ricky Ledo,-7.4,2015
438,John Salmons,-7.0,2015
439,Mike Scott,-3.6,2015
440,Kyle Anderson,-6.5,2015
441,Earl Barron,-12.7,2015
442,DeJuan Blair,-10.1,2015
443,Will Bynum,-16.4,2015
444,Cleanthony Early,-5.0,2015
445,Nick Johnson,-7.3,2015
446,Andrew Nicholson,-5.5,2015
447,Steve Novak,-9.9,2015
448,Travis Wear,-4.7,2015
449,Norris Cole,-3.6,2015
450,Chris Copeland,-4.7,2015
451,Glen Davis,-4.3,2015
452,Dante Exum,-3.6,2015
453,Ben Gordon,-4.7,2015
454,Tim Hardaway Jr.,-3.7,2015
455,Jabari Parker,-4.9,2015
456,Damjan Rudez,-4.2,2015
457,Jeff Ayres,-7.3,2015
458,Ryan Kelly,-4.2,2015
459,Kostas Papanikolaou,-4.8,2015
460,Jeffery Taylor,-6.8,2015
461,Malcolm Thomas,-11.4,2015
462,Danny Granger,-5.8,2015
463,JaVale McGee,-10.0,2015
464,Perry Jones III,-6.1,2015
465,Gary Neal,-4.5,2015
466,Dennis Schroder,-3.9,2015
467,Kendrick Perkins,-4.7,2015
468,Austin Rivers,-4.0,2015
469,JaKarr Sampson,-4.8,2015
470,Joe Harris,-7.6,2015
471,Nik Stauskas,-4.9,2015
472,Derrick Williams,-4.5,2015
473,Jabari Brown,-7.6,2015
474,Gary Harris,-6.6,2015
475,Doug McDermott,-10.9,2015
476,Mike Miller,-6.4,2015
477,Martell Webster,-10.1,2015
478,Spencer Hawes,-4.9,2015
479,JJ Hickson,-4.8,2015
480,Anthony Bennett,-6.2,2015
481,Udonis Haslem,-5.9,2015
482,Brandon Rush,-13.7,2015
483,Henry Sims,-5.0,2015
484,Andrea Bargnani,-8.1,2015
485,Johnny O'Bryant III,-14.6,2015
486,Adreian Payne,-8.8,2015
487,Lance Thomas,-5.7,2015
488,Jason Smith,-5.4,2015
489,Lance Stephenson,-5.8,2015
490,Jose Calderon,-6.8,2015
491,Zach LaVine,-8.3,2015
0,Stephen Curry,12.5,2016
1,Draymond Green,9.4,2016
2,LeBron James,8.2,2016
3,Kawhi Leonard,9.9,2016
4,Russell Westbrook,6.6,2016
5,Kyle Lowry,5.8,2016
6,Chris Paul,9.3,2016
7,Paul George,6.2,2016
8,Kevin Durant,5.4,2016
9,James Harden,4.9,2016
10,Steven Adams,5.5,2016
11,Kevin Love,4.1,2016
12,Kemba Walker,4.0,2016
13,Klay Thompson,2.7,2016
14,Nikola Jokic,8.2,2016
15,CJ McCollum,3.1,2016
16,Tristan Thompson,3.4,2016
17,Paul Millsap,3.0,2016
18,Damian Lillard,2.7,2016
19,Isaiah Thomas,3.1,2016
20,DeMarcus Cousins,4.4,2016
21,DeAndre Jordan,3.1,2016
22,Jimmy Butler,3.7,2016
23,Kentavious Caldwell-Pope,2.5,2016
24,JJ Redick,4.1,2016
25,Ricky Rubio,4.0,2016
26,Danny Green,3.6,2016
27,Khris Middleton,2.3,2016
28,Serge Ibaka,1.8,2016
29,Marvin Williams,2.8,2016
30,LaMarcus Aldridge,2.6,2016
31,JR Smith,1.6,2016
32,Pau Gasol,3.1,2016
33,Hassan Whiteside,2.8,2016
34,Patrick Beverley,3.3,2016
35,Tim Duncan,4.8,2016
36,Al Horford,1.6,2016
37,John Wall,1.9,2016
38,Derrick Favors,3.7,2016
39,Brook Lopez,2.4,2016
40,Kristaps Porzingis,3.3,2016
41,Goran Dragic,1.6,2016
42,Victor Oladipo,2.3,2016
43,Anthony Davis,2.6,2016
44,Luol Deng,1.2,2016
45,George Hill,1.4,2016
46,Jrue Holiday,3.5,2016
47,Kyle Korver,1.4,2016
48,Dirk Nowitzki,1.8,2016
49,Marcin Gortat,2.3,2016
50,Manu Ginobili,5.5,2016
51,Wesley Matthews,1.2,2016
52,Reggie Jackson,1.5,2016
53,Karl-Anthony Towns,1.4,2016
54,Tobias Harris,1.2,2016
55,Ryan Anderson,2.3,2016
56,Jared Dudley,2.1,2016
57,Enes Kanter,2.3,2016
58,Jonas Valanciunas,2.6,2016
59,Gordon Hayward,0.7,2016
60,Al-Farouq Aminu,0.8,2016
61,Jae Crowder,1.2,2016
62,Andre Drummond,0.8,2016
63,Rudy Gobert,2.4,2016
64,Mario Chalmers,4.2,2016
65,Rodney Hood,1.1,2016
66,Greg Monroe,1.4,2016
67,Patrick Patterson,0.9,2016
68,Giannis Antetokounmpo,0.5,2016
69,Kyrie Irving,1.0,2016
70,Jeremy Lin,1.3,2016
71,Avery Bradley,0.7,2016
72,Patty Mills,2.2,2016
73,Carmelo Anthony,0.7,2016
74,Ed Davis,1.9,2016
75,Danilo Gallinari,2.1,2016
76,Marcus Morris Sr.,0.2,2016
77,David West,2.8,2016
78,Andrew Bogut,1.9,2016
79,Marcus Smart,1.8,2016
80,Kent Bazemore,0.7,2016
81,Courtney Lee,0.5,2016
82,Andre Iguodala,0.6,2016
83,Bismack Biyombo,0.7,2016
84,Amir Johnson,1.4,2016
85,Andre Roberson,1.2,2016
86,Thaddeus Young,0.5,2016
87,Robert Covington,1.2,2016
88,Thabo Sefolosha,1.1,2016
89,Eric Bledsoe,4.2,2016
90,Matthew Dellavedova,0.8,2016
91,Channing Frye,2.3,2016
92,Jeremy Lamb,3.3,2016
93,Dennis Schroder,1.4,2016
94,Jared Sullinger,1.0,2016
95,P.J. Tucker,0.2,2016
96,Dwyane Wade,0.0,2016
97,Otto Porter Jr.,0.4,2016
98,Andrew Wiggins,-0.2,2016
99,Lou Williams,1.0,2016
100,Mike Conley,1.4,2016
101,Langston Galloway,0.7,2016
102,Nikola Vucevic,0.8,2016
103,Monta Ellis,-0.4,2016
104,Aaron Gordon,0.9,2016
105,Cory Joseph,0.0,2016
106,Terrence Ross,0.6,2016
107,DeMarre Carroll,2.1,2016
108,Marc Gasol,1.0,2016
109,Jeff Teague,-0.2,2016
110,Garrett Temple,0.6,2016
111,Chris Bosh,0.9,2016
112,Clint Capela,1.6,2016
113,Evan Fournier,-0.2,2016
114,Joe Johnson,-0.7,2016
115,Chandler Parsons,0.8,2016
116,Michael Carter-Williams,1.0,2016
117,Darren Collison,0.1,2016
118,Trevor Ariza,-0.7,2016
119,Allen Crabbe,-0.3,2016
120,Tony Allen,0.7,2016
121,Omri Casspi,0.4,2016
122,Mason Plumlee,-0.3,2016
123,Cody Zeller,0.3,2016
124,Will Barton,-0.4,2016
125,Trevor Booker,0.7,2016
126,Jose Calderon,0.1,2016
127,Kelly Olynyk,1.3,2016
128,Rajon Rondo,-0.5,2016
129,Rudy Gay,-0.5,2016
130,Robin Lopez,-0.2,2016
131,Ian Mahinmi,0.1,2016
132,Nikola Mirotic,0.6,2016
133,Zaza Pachulia,-0.1,2016
134,Mirza Teletovic,0.5,2016
135,Justise Winslow,-0.6,2016
136,Gorgui Dieng,-0.3,2016
137,Solomon Hill,2.1,2016
138,Raymond Felton,-0.6,2016
139,Wesley Johnson,0.1,2016
140,Evan Turner,-0.7,2016
141,DeMar DeRozan,-1.3,2016
142,Blake Griffin,0.9,2016
143,Ersan Ilyasova,-0.2,2016
144,Boris Diaw,0.3,2016
145,Gerald Green,0.1,2016
146,Raul Neto,0.3,2016
147,Taj Gibson,-0.5,2016
148,T.J. McConnell,-0.1,2016
149,Ish Smith,-0.8,2016
150,Dion Waiters,-1.2,2016
151,Nicolas Batum,-1.1,2016
152,Devin Harris,0.2,2016
153,Luc Mbah a Moute,0.3,2016
154,Nene,0.9,2016
155,Iman Shumpert,-0.3,2016
156,Deron Williams,-0.8,2016
157,Darrell Arthur,-0.1,2016
158,Rondae Hollis-Jefferson,3.5,2016
159,Shaun Livingston,-0.8,2016
160,CJ Miles,-0.2,2016
161,Tony Parker,-1.0,2016
162,Elfrid Payton,-1.0,2016
163,Josh Richardson,0.0,2016
164,Cole Aldrich,1.5,2016
165,Tim Hardaway Jr.,1.3,2016
166,Maurice Harkless,-0.6,2016
167,Zach Randolph,-1.0,2016
168,Anthony Tolliver,-0.1,2016
169,Tyler Johnson,1.0,2016
170,Shelvin Mack,0.5,2016
171,Bradley Beal,-0.8,2016
172,Kevin Garnett,3.3,2016
173,Frank Kaminsky,-1.0,2016
174,E'Twaun Moore,-0.1,2016
175,Markieff Morris,-0.7,2016
176,Larry Nance Jr.,0.0,2016
177,Norman Powell,0.9,2016
178,Rodney Stuckey,-0.4,2016
179,Brandon Bass,-0.4,2016
180,Tyreke Evans,1.5,2016
181,Gary Harris,-1.5,2016
182,Gerald Henderson,-0.8,2016
183,Dwight Powell,0.2,2016
184,Jeff Withey,2.0,2016
185,Harrison Barnes,-1.7,2016
186,Jerryd Bayless,-0.7,2016
187,Corey Brewer,-1.1,2016
188,Jeff Green,-1.5,2016
189,Josh McRoberts,1.1,2016
190,Ronnie Price,-0.3,2016
191,Festus Ezeli,0.1,2016
192,Brandon Jennings,0.5,2016
193,Jon Leuer,-0.5,2016
194,Kyle O'Quinn,0.9,2016
195,Lavoy Allen,-1.2,2016
196,Vince Carter,-0.5,2016
197,Dwight Howard,-1.7,2016
198,Jonas Jerebko,-0.8,2016
199,Pablo Prigioni,0.3,2016
200,Sasha Vujacic,0.1,2016
201,J.J. Barea,-1.4,2016
202,Jerami Grant,-1.6,2016
203,Spencer Hawes,-0.6,2016
204,David Lee,-0.2,2016
205,Boban Marjanovic,1.6,2016
206,Andrew Nicholson,0.1,2016
207,Joakim Noah,0.8,2016
208,Lance Thomas,-0.9,2016
209,Marcus Thornton,-0.6,2016
210,Quincy Acy,-0.2,2016
211,Nemanja Bjelica,-0.7,2016
212,Aaron Brooks,-0.8,2016
213,Eric Gordon,-1.3,2016
214,JaMychal Green,-1.3,2016
215,Tiago Splitter,1.0,2016
216,Anderson Varejao,0.7,2016
217,Dewayne Dedmon,0.1,2016
218,Toney Douglas,-1.1,2016
219,Kosta Koufos,-1.4,2016
220,O.J. Mayo,-1.0,2016
221,Timofey Mozgov,-1.4,2016
222,Tarik Black,0.8,2016
223,Chase Budinger,-1.0,2016
224,Trey Burke,-1.5,2016
225,Kenneth Faried,-1.7,2016
226,Cristiano Felicio,2.8,2016
227,Randy Foye,-1.8,2016
228,Michael Kidd-Gilchrist,6.2,2016
229,Salah Mejri,0.9,2016
230,Willie Reed,1.6,2016
231,Tony Snell,-1.3,2016
232,Kyle Anderson,-1.5,2016
233,Matt Bonner,5.3,2016
234,Rasual Butler,0.8,2016
235,Jordan Hill,-1.8,2016
236,Kirk Hinrich,-0.5,2016
237,Marcelo Huertas,-1.0,2016
238,Meyers Leonard,-1.6,2016
239,Anthony Morrow,-1.1,2016
240,Mike Scott,-1.6,2016
241,T.J. Warren,-1.2,2016
242,Luke Babbitt,-1.1,2016
243,Reggie Bullock,0.3,2016
244,Willie Cauley-Stein,-1.8,2016
245,Jamal Crawford,-2.1,2016
246,Alonzo Gee,-1.9,2016
247,KJ McDaniels,2.4,2016
248,Donatas Motiejunas,-0.9,2016
249,Justin Anderson,-1.2,2016
250,Michael Beasley,0.1,2016
251,Alec Burks,-1.2,2016
252,Jordan Farmar,0.1,2016
253,Tim Frazier,-1.0,2016
254,John Henson,-1.5,2016
255,Kris Humphries,-1.5,2016
256,Joe Ingles,-1.8,2016
257,Jarrett Jack,-1.6,2016
258,Donald Sloan,-1.9,2016
259,Amar'e Stoudemire,-1.3,2016
260,Delon Wright,1.4,2016
261,Chris Andersen,-0.6,2016
262,D.J. Augustin,-1.9,2016
263,Aron Baynes,-2.0,2016
264,Richard Jefferson,-2.3,2016
265,Brandon Knight,-2.3,2016
266,Carl Landry,-0.9,2016
267,Xavier Munford,0.3,2016
268,Jusuf Nurkic,-1.0,2016
269,Jonathon Simmons,-1.7,2016
270,Leandro Barbosa,-2.2,2016
271,Montrezl Harrell,-0.8,2016
272,Justin Holiday,-1.7,2016
273,Chris Johnson,-1.9,2016
274,Sergey Karasev,-0.6,2016
275,Elijah Millsap,1.6,2016
276,CJ Wilcox,2.1,2016
277,Alexis Ajinca,-2.2,2016
278,Elton Brand,-0.5,2016
279,Tyson Chandler,-2.4,2016
280,Seth Curry,-1.8,2016
281,Jordan McRae,0.6,2016
282,Jodie Meeks,11.1,2016
283,Lucas Nogueira,-0.5,2016
284,Kostas Papanikolaou,-0.7,2016
285,Glenn Robinson III,-1.6,2016
286,Matt Barnes,-2.6,2016
287,Nick Collison,-2.2,2016
288,James Ennis III,-1.4,2016
289,Andrew Goudelock,3.1,2016
290,JJ Hickson,-1.9,2016
291,Richaun Holmes,-2.1,2016
292,Shane Larkin,-2.5,2016
293,Alex Len,-2.6,2016
294,Ben McLemore,-2.5,2016
295,Mike Miller,-1.9,2016
296,Mike Muscala,-2.2,2016
297,Phil Pressey,-1.2,2016
298,Tayshaun Prince,-2.5,2016
299,Luis Scola,-2.6,2016
300,Josh Smith,-2.4,2016
301,Jarnell Stokes,14.2,2016
302,Alan Williams,3.9,2016
303,Alan Anderson,-2.1,2016
304,Isaiah Canaan,-2.7,2016
305,Jordan Clarkson,-2.6,2016
306,Josh Huestis,1.1,2016
307,Cory Jefferson,0.6,2016
308,Dahntay Jones,-1.0,2016
309,Sasha Kaun,-1.7,2016
310,Ryan Kelly,-2.4,2016
311,Zach LaVine,-2.7,2016
312,Jordan Mickey,0.0,2016
313,Nerlens Noel,-2.6,2016
314,Metta World Peace,-2.3,2016
315,Miles Plumlee,-2.5,2016
316,Julius Randle,-2.6,2016
317,Alex Stepheson,0.6,2016
318,Axel Toupane,-2.4,2016
319,Christian Wood,-2.1,2016
320,Brandan Wright,-2.0,2016
321,Dorell Wright,8.7,2016
322,Tyler Zeller,-2.5,2016
323,Jordan Adams,-6.3,2016
324,Cliff Alexander,-3.5,2016
325,Lou Amundson,-3.1,2016
326,James Anderson,-2.7,2016
327,Thanasis Antetokounmpo,-7.6,2016
328,Keith Appling,-4.5,2016
329,Coty Clarke,6.5,2016
330,Troy Daniels,-2.7,2016
331,Sam Dekker,0.2,2016
332,Wayne Ellington,-2.7,2016
333,Jeremy Evans,-2.5,2016
334,Jerian Grant,-2.7,2016
335,Erick Green,-1.6,2016
336,Jorge Gutierrez,-1.6,2016
337,Chuck Hayes,-0.3,2016
338,John Holland,-60.3,2016
339,RJ Hunter,-2.6,2016
340,James Johnson,-2.8,2016
341,Tyus Jones,-2.6,2016
342,Trey Lyles,-2.8,2016
343,Chris McCullough,-2.7,2016
344,Nazr Mohammed,-4.0,2016
345,Eric Moreland,-2.2,2016
346,Steve Novak,-2.9,2016
347,JJ O'Brien,-14.5,2016
348,Austin Rivers,-2.7,2016
349,Derrick Rose,-2.7,2016
350,Lance Stephenson,-2.7,2016
351,Jason Terry,-2.7,2016
352,Jason Thompson,-2.9,2016
353,Myles Turner,-2.7,2016
354,Elliot Williams,-3.9,2016
355,Joel Anthony,-5.8,2016
356,Cameron Bairstow,-5.4,2016
357,Anthony Brown,-3.0,2016
358,Rakeem Christmas,-28.7,2016
359,Bryce Dejean-Jones,-3.6,2016
360,Duje Dukan,-10.6,2016
361,Jarell Eddie,-3.7,2016
362,Tyler Ennis,-3.0,2016
363,Justin Harper,-10.3,2016
364,Darrun Hilliard,-3.2,2016
365,Kevon Looney,-13.0,2016
366,Devyn Marble,-3.4,2016
367,Jarell Martin,-3.0,2016
368,Shabazz Napier,-3.1,2016
369,Lamar Patterson,-3.2,2016
370,Nate Robinson,-8.6,2016
371,Marreese Speights,-3.0,2016
372,Edy Tavares,-4.1,2016
373,Shayne Whittington,-6.7,2016
374,DeJuan Blair,-4.9,2016
375,Lorenzo Brown,-8.8,2016
376,Caron Butler,-5.0,2016
377,Bryce Cotton,-11.7,2016
378,Cleanthony Early,-5.4,2016
379,Jimmer Fredette,-21.0,2016
380,Joe Harris,-28.5,2016
381,Aaron Harrison,-5.8,2016
382,Mario Hezonja,-3.0,2016
383,Damien Inglis,-5.0,2016
384,Andre Miller,-3.5,2016
385,Cameron Payne,-3.1,2016
386,Brian Roberts,-3.6,2016
387,Robert Sacre,-3.8,2016
388,Jason Smith,-3.0,2016
389,Briante Weber,-5.2,2016
390,Anthony Bennett,-10.3,2016
391,Branden Dawson,-20.3,2016
392,Spencer Dinwiddie,-6.0,2016
393,Sean Kilpatrick,-3.7,2016
394,Kelly Oubre Jr.,-3.6,2016
395,Tibor Pleiss,-10.6,2016
396,Bobby Portis,-3.3,2016
397,Damjan Rudez,-4.9,2016
398,Russ Smith,-11.0,2016
399,Noah Vonleh,-3.2,2016
400,Arron Afflalo,-3.1,2016
401,Bruno Caboclo,-20.4,2016
402,Pat Connaughton,-7.9,2016
403,Jared Cunningham,-4.6,2016
404,Jordan Hamilton,-5.4,2016
405,Udonis Haslem,-4.8,2016
406,Orlando Johnson,-10.5,2016
407,James Jones,-4.4,2016
408,Chris Kaman,-8.3,2016
409,Joffrey Lauvergne,-3.5,2016
410,Ray McCallum,-4.4,2016
411,Mitch McGary,-13.8,2016
412,Luis Montero,-17.4,2016
413,Nikola Pekovic,-7.7,2016
414,Ramon Sessions,-3.2,2016
415,Greg Smith,-6.3,2016
416,Joe Young,-4.7,2016
417,Jeff Ayres,-11.4,2016
418,Steve Blake,-3.6,2016
419,Norris Cole,-3.6,2016
420,Al Jefferson,-3.4,2016
421,Terry Rozier,-5.4,2016
422,Nik Stauskas,-3.3,2016
423,James Young,-7.2,2016
424,Ryan Hollins,-5.3,2016
425,John Jenkins,-5.1,2016
426,JaVale McGee,-5.6,2016
427,Kyle Singler,-3.8,2016
428,Beno Udrih,-4.4,2016
429,Charlie Villanueva,-4.6,2016
430,Omer Asik,-4.0,2016
431,Markel Brown,-4.1,2016
432,Archie Goodwin,-3.9,2016
433,Tyler Hansbrough,-6.8,2016
434,James Michael McAdoo,-7.1,2016
435,Shabazz Muhammad,-3.6,2016
436,Kevin Seraphin,-5.5,2016
437,Greivis Vasquez,-5.5,2016
438,C.J. Watson,-4.8,2016
439,Nick Young,-4.2,2016
440,Chris Copeland,-12.9,2016
441,Mike Dunleavy,-4.9,2016
442,Gary Neal,-4.6,2016
443,Paul Pierce,-4.0,2016
444,Brandon Rush,-4.1,2016
445,D'Angelo Russell,-3.5,2016
446,Jahlil Okafor,-3.9,2016
447,Thomas Robinson,-4.6,2016
448,Henry Sims,-9.5,2016
449,Marco Belinelli,-3.9,2016
450,Devin Booker,-3.7,2016
451,Stanley Johnson,-3.9,2016
452,Kevin Martin,-4.5,2016
453,Doug McDermott,-3.8,2016
454,Adreian Payne,-6.9,2016
455,Derrick Williams,-4.2,2016
456,Tony Wroten,-15.7,2016
457,Ty Lawson,-4.1,2016
458,Kobe Bryant,-4.0,2016
459,Ian Clark,-6.1,2016
460,Drew Gooden,-10.4,2016
461,Jameer Nelson,-5.1,2016
462,Jabari Parker,-3.9,2016
463,Kendrick Perkins,-7.9,2016
464,Rashad Vaughn,-5.5,2016
465,Andrea Bargnani,-7.4,2016
466,Kendall Marshall,-10.2,2016
467,Mo Williams,-6.2,2016
468,PJ Hairston,-5.1,2016
469,Hollis Thompson,-4.2,2016
470,Sonny Weems,-9.1,2016
471,Johnny O'Bryant III,-7.0,2016
472,Dante Cunningham,-4.6,2016
473,JaKarr Sampson,-6.0,2016
474,Bojan Bogdanovic,-4.6,2016
475,Roy Hibbert,-5.2,2016
476,Emmanuel Mudiay,-5.1,2016
477,Terrence Jones,-8.0,2016
0,Stephen Curry,9.2,2017
1,LeBron James,7.8,2017
2,Kawhi Leonard,9.3,2017
3,James Harden,7.1,2017
4,Draymond Green,7.8,2017
5,Russell Westbrook,6.8,2017
6,Jimmy Butler,6.8,2017
7,Rudy Gobert,6.5,2017
8,Kevin Durant,7.1,2017
9,Chris Paul,9.1,2017
10,Bradley Beal,5.1,2017
11,Giannis Antetokounmpo,5.2,2017
12,Mike Conley,6.2,2017
13,Kyle Lowry,5.9,2017
14,Isaiah Thomas,4.2,2017
15,Anthony Davis,5.0,2017
16,Kemba Walker,5.0,2017
17,Nikola Jokic,7.3,2017
18,John Wall,3.1,2017
19,DeMarcus Cousins,5.1,2017
20,Blake Griffin,6.2,2017
21,Gordon Hayward,3.7,2017
22,Kevin Love,4.7,2017
23,Otto Porter Jr.,3.3,2017
24,Damian Lillard,3.4,2017
25,Kyrie Irving,2.6,2017
26,Klay Thompson,2.3,2017
27,DeAndre Jordan,2.8,2017
28,Paul George,2.6,2017
29,Paul Millsap,3.2,2017
30,Jae Crowder,2.4,2017
31,Patrick Beverley,3.6,2017
32,Lou Williams,3.7,2017
33,CJ McCollum,2.2,2017
34,Marc Gasol,2.4,2017
35,Karl-Anthony Towns,1.7,2017
36,Joe Ingles,2.9,2017
37,Andre Roberson,2.4,2017
38,Trevor Ariza,1.3,2017
39,Jeff Teague,1.7,2017
40,Tobias Harris,1.8,2017
41,James Johnson,2.8,2017
42,Pau Gasol,2.9,2017
43,Ricky Rubio,1.9,2017
44,Myles Turner,1.4,2017
45,Michael Kidd-Gilchrist,2.0,2017
46,Ersan Ilyasova,2.1,2017
47,Al Horford,1.0,2017
48,Marcus Smart,0.8,2017
49,Andrew Wiggins,0.7,2017
50,Robert Covington,2.1,2017
51,Danilo Gallinari,2.1,2017
52,Manu Ginobili,3.6,2017
53,Amir Johnson,3.1,2017
54,Victor Oladipo,1.5,2017
55,George Hill,2.8,2017
56,Tyler Johnson,1.9,2017
57,Danny Green,1.6,2017
58,Luc Mbah a Moute,2.1,2017
59,Tristan Thompson,0.6,2017
60,JJ Redick,1.3,2017
61,Thaddeus Young,1.2,2017
62,Malcolm Brogdon,1.6,2017
63,Gorgui Dieng,0.8,2017
64,Eric Gordon,0.6,2017
65,Dwight Howard,1.2,2017
66,Hassan Whiteside,1.0,2017
67,Seth Curry,1.8,2017
68,DeMar DeRozan,0.2,2017
69,David Lee,2.3,2017
70,Elfrid Payton,0.9,2017
71,Wesley Matthews,0.7,2017
72,Greg Monroe,1.6,2017
73,P.J. Tucker,0.7,2017
74,Goran Dragic,0.7,2017
75,Terrence Ross,1.5,2017
76,Wilson Chandler,1.0,2017
77,Aaron Gordon,0.9,2017
78,Andre Iguodala,0.7,2017
79,Patrick Patterson,1.9,2017
80,Tony Allen,1.5,2017
81,Tim Hardaway Jr.,0.7,2017
82,Jrue Holiday,0.9,2017
83,Nikola Mirotic,1.6,2017
84,Nicolas Batum,0.2,2017
85,Eric Bledsoe,0.8,2017
86,DeMarre Carroll,1.1,2017
87,Maurice Harkless,0.5,2017
88,Patty Mills,0.7,2017
89,Steven Adams,0.1,2017
90,Al-Farouq Aminu,1.2,2017
91,Gary Harris,1.5,2017
92,Markieff Morris,-0.1,2017
93,Ryan Anderson,0.2,2017
94,Harrison Barnes,-0.2,2017
95,Vince Carter,0.9,2017
96,Channing Frye,1.8,2017
97,Nikola Vucevic,0.5,2017
98,Dion Waiters,2.4,2017
99,Kentavious Caldwell-Pope,-0.1,2017
100,Clint Capela,1.0,2017
101,Dewayne Dedmon,2.1,2017
102,Garrett Temple,1.3,2017
103,Marvin Williams,0.3,2017
104,LaMarcus Aldridge,-0.3,2017
105,Rudy Gay,3.7,2017
106,Kristaps Porzingis,0.3,2017
107,Nene,1.8,2017
108,Aron Baynes,2.6,2017
109,Jeremy Lin,4.2,2017
110,Brook Lopez,0.1,2017
111,Jason Terry,1.6,2017
112,Kent Bazemore,0.1,2017
113,JaVale McGee,4.0,2017
114,Mason Plumlee,0.0,2017
115,David West,2.9,2017
116,Jared Dudley,1.5,2017
117,Wayne Ellington,1.2,2017
118,Evan Fournier,-0.2,2017
119,JaMychal Green,-0.1,2017
120,Zach Randolph,0.3,2017
121,Kyle Anderson,1.8,2017
122,Joe Johnson,-0.1,2017
123,Enes Kanter,0.8,2017
124,Marcus Morris Sr.,-0.5,2017
125,Joel Embiid,4.1,2017
126,Rondae Hollis-Jefferson,0.3,2017
127,Avery Bradley,-0.6,2017
128,Marcin Gortat,-1.0,2017
129,Devin Harris,2.1,2017
130,CJ Miles,0.1,2017
131,Zaza Pachulia,0.7,2017
132,Derrick Rose,-0.2,2017
133,Thabo Sefolosha,0.6,2017
134,Dwyane Wade,-0.1,2017
135,T.J. Warren,-0.1,2017
136,Solomon Hill,-0.6,2017
137,Khris Middleton,1.8,2017
138,Josh Richardson,0.5,2017
139,Nick Young,0.5,2017
140,Jonas Valanciunas,-0.6,2017
141,Devin Booker,-1.1,2017
142,Serge Ibaka,-1.0,2017
143,Norman Powell,0.2,2017
144,Iman Shumpert,-0.6,2017
145,Nemanja Bjelica,1.1,2017
146,Rajon Rondo,-0.4,2017
147,Marreese Speights,0.4,2017
148,Tarik Black,1.3,2017
149,Kenneth Faried,0.6,2017
150,Justin Holiday,-0.1,2017
151,Robin Lopez,-1.0,2017
152,JR Smith,-0.2,2017
153,Cody Zeller,-0.2,2017
154,Davis Bertans,1.6,2017
155,Darren Collison,-0.7,2017
156,T.J. McConnell,-0.8,2017
157,Lucas Nogueira,0.9,2017
158,Kyle O'Quinn,0.7,2017
159,Carmelo Anthony,-1.2,2017
160,J.J. Barea,2.4,2017
161,Taj Gibson,-0.9,2017
162,E'Twaun Moore,-0.6,2017
163,Jusuf Nurkic,0.0,2017
164,Troy Daniels,0.2,2017
165,Spencer Dinwiddie,0.0,2017
166,Jeremy Lamb,0.5,2017
167,Ty Lawson,-0.6,2017
168,Jamal Murray,-0.6,2017
169,Nerlens Noel,0.8,2017
170,Rodney Hood,-0.8,2017
171,Jon Leuer,-0.9,2017
172,Alan Williams,2.2,2017
173,Delon Wright,3.7,2017
174,Will Barton,-0.8,2017
175,Trevor Booker,-0.8,2017
176,Sam Dekker,-0.5,2017
177,Jerian Grant,0.4,2017
178,Courtney Lee,-1.4,2017
179,Juancho Hernangomez,1.0,2017
180,Terry Rozier,-0.8,2017
181,Jonathon Simmons,-0.9,2017
182,Ish Smith,-1.1,2017
183,Langston Galloway,-0.8,2017
184,Evan Turner,-1.0,2017
185,Michael Beasley,-0.1,2017
186,Cory Joseph,-1.5,2017
187,Kosta Koufos,-0.8,2017
188,Boban Marjanovic,6.7,2017
189,Mike Muscala,-0.7,2017
190,Larry Nance Jr.,-0.8,2017
191,Kelly Olynyk,-1.3,2017
192,Jabari Parker,-1.1,2017
193,Luke Babbitt,-0.3,2017
194,Jordan Clarkson,-1.7,2017
195,Dante Cunningham,-1.2,2017
196,Tyler Ennis,1.8,2017
197,Tyus Jones,0.5,2017
198,Jodie Meeks,0.7,2017
199,Dennis Schroder,-1.8,2017
200,Alex Abrines,-0.6,2017
201,Luol Deng,-1.1,2017
202,Montrezl Harrell,-0.5,2017
203,Willy Hernangomez,-0.9,2017
204,Dirk Nowitzki,-1.1,2017
205,Michael Carter-Williams,-0.4,2017
206,James Ennis III,-1.4,2017
207,Dante Exum,-1.0,2017
208,Zach LaVine,-1.5,2017
209,Raul Neto,2.6,2017
210,Beno Udrih,1.0,2017
211,Ron Baker,-0.4,2017
212,Reggie Bullock,1.6,2017
213,Cristiano Felicio,-1.0,2017
214,Caris LeVert,-1.2,2017
215,Rodney McGruder,-1.8,2017
216,Shabazz Napier,0.8,2017
217,David Nwaba,2.4,2017
218,Glenn Robinson III,-1.4,2017
219,Dario Saric,-1.9,2017
220,Tomas Satoransky,-0.1,2017
221,Corey Brewer,-1.4,2017
222,Jonas Jerebko,-1.5,2017
223,Dwight Powell,-1.4,2017
224,Quincy Acy,0.2,2017
225,Tyson Chandler,-1.5,2017
226,Jordan Crawford,0.6,2017
227,Dorian Finney-Smith,-1.8,2017
228,Joakim Noah,-1.2,2017
229,Taurean Prince,-1.4,2017
230,Tony Snell,-2.1,2017
231,Anthony Tolliver,-1.7,2017
232,Lavoy Allen,-1.3,2017
233,Matt Barnes,-2.0,2017
234,Marco Belinelli,-1.9,2017
235,Monta Ellis,-2.1,2017
236,Raymond Felton,-2.1,2017
237,Tim Frazier,-1.8,2017
238,Richard Jefferson,-2.0,2017
239,Brandon Jennings,-2.1,2017
240,Nik Stauskas,-2.1,2017
241,Tyreke Evans,-1.2,2017
242,Ian Mahinmi,-0.9,2017
243,Shabazz Muhammad,-2.0,2017
244,Deron Williams,-2.1,2017
245,Justin Anderson,-2.0,2017
246,Malik Beasley,2.6,2017
247,Andre Drummond,-2.4,2017
248,Buddy Hield,-2.3,2017
249,Reggie Jackson,-2.1,2017
250,Stanley Johnson,-2.0,2017
251,Wesley Johnson,-1.5,2017
252,Sean Kilpatrick,-2.2,2017
253,Shawn Long,1.5,2017
254,Chasson Randle,0.8,2017
255,Lance Stephenson,-0.8,2017
256,Noah Vonleh,-2.0,2017
257,Jeff Withey,-0.5,2017
258,Brandan Wright,-0.7,2017
259,Ian Clark,-2.1,2017
260,Mike Dunleavy,-1.9,2017
261,John Henson,-2.1,2017
262,Richaun Holmes,-2.1,2017
263,Pierre Jackson,5.5,2017
264,DeAndre Liggins,-1.7,2017
265,Salah Mejri,-1.9,2017
266,Dejounte Murray,-1.3,2017
267,Maurice Ndour,-0.1,2017
268,Thomas Robinson,-1.4,2017
269,Leandro Barbosa,-2.1,2017
270,Andrew Bogut,-1.7,2017
271,Alec Burks,-2.0,2017
272,Jerami Grant,-2.4,2017
273,Justin Hamilton,-2.2,2017
274,Roy Hibbert,-1.9,2017
275,Terrence Jones,-2.3,2017
276,Derrick Jones Jr.,-1.8,2017
277,Kevon Looney,-1.4,2017
278,Timothe Luwawu-Cabarrot,-2.2,2017
279,Willie Reed,-2.1,2017
280,Austin Rivers,-2.5,2017
281,Edy Tavares,17.2,2017
282,Fred VanVleet,-0.9,2017
283,C.J. Watson,-2.3,2017
284,Darrell Arthur,-2.2,2017
285,Joel Bolomboy,4.0,2017
286,Bruno Caboclo,7.3,2017
287,Allen Crabbe,-2.6,2017
288,Josh Huestis,9.0,2017
289,Alex Len,-2.5,2017
290,Thon Maker,-2.3,2017
291,Anthony Morrow,-2.3,2017
292,Jameer Nelson,-2.6,2017
293,Domantas Sabonis,-2.6,2017
294,Denzel Valentine,-2.4,2017
295,Tyler Zeller,-1.9,2017
296,Cole Aldrich,-2.2,2017
297,Chris Andersen,-1.3,2017
298,Nick Collison,-1.5,2017
299,Deyonta Davis,-1.6,2017
300,Boris Diaw,-2.6,2017
301,Derrick Favors,-2.5,2017
302,Alonzo Gee,-0.9,2017
303,Archie Goodwin,-1.8,2017
304,Demetrius Jackson,6.1,2017
305,Brice Johnson,19.8,2017
306,John Lucas III,7.7,2017
307,Chris McCullough,-1.2,2017
308,Tony Parker,-2.7,2017
309,Jakob Poeltl,-2.4,2017
310,Tim Quarterman,0.2,2017
311,Larry Sanders,5.9,2017
312,Jarnell Stokes,15.9,2017
313,Greivis Vasquez,0.5,2017
314,Reggie Williams,-0.7,2017
315,Christian Wood,-1.7,2017
316,Dragan Bender,-2.7,2017
317,Anthony Brown,-3.2,2017
318,Bobby Brown,-2.9,2017
319,Rakeem Christmas,-2.7,2017
320,Pat Connaughton,-2.7,2017
321,Toney Douglas,-2.8,2017
322,Jarell Eddie,-2.0,2017
323,Jordan Farmar,-2.4,2017
324,Yogi Ferrell,-2.7,2017
325,Danuel House Jr.,-1.9,2017
326,Al Jefferson,-2.8,2017
327,John Jenkins,4.7,2017
328,Ryan Kelly,-3.1,2017
329,Kyle Korver,-2.7,2017
330,Skal Labissiere,-2.9,2017
331,Sheldon Mac,-2.7,2017
332,Kelly Oubre Jr.,-2.7,2017
333,Lamar Patterson,-4.1,2017
334,Paul Pierce,-2.9,2017
335,Jason Smith,-2.7,2017
336,Mike Tobey,-0.6,2017
337,Axel Toupane,-4.4,2017
338,Sasha Vujacic,-2.6,2017
339,Justise Winslow,-2.9,2017
340,James Young,-2.4,2017
341,Alexis Ajinca,-3.2,2017
342,Joel Anthony,-4.2,2017
343,Jerryd Bayless,-5.7,2017
344,Ben Bentil,-26.9,2017
345,Michael Gbinije,-8.0,2017
346,Aaron Harrison,-13.9,2017
347,Kris Humphries,-2.9,2017
348,RJ Hunter,-20.8,2017
349,Jarrett Jack,-6.0,2017
350,Dahntay Jones,-6.9,2017
351,Frank Kaminsky,-2.8,2017
352,Nicolas Laprovittola,-4.3,2017
353,Shaun Livingston,-2.8,2017
354,Trey Lyles,-3.0,2017
355,Elijah Millsap,-15.0,2017
356,Gary Neal,-17.9,2017
357,Steve Novak,-11.9,2017
358,Arinze Onuaku,-12.4,2017
359,Chinanu Onuaku,-7.3,2017
360,Adreian Payne,-3.5,2017
361,Bobby Portis,-3.0,2017
362,Malachi Richardson,-3.7,2017
363,D'Angelo Russell,-2.8,2017
364,Tiago Splitter,-4.6,2017
365,Isaiah Taylor,-5.1,2017
366,Mirza Teletovic,-2.8,2017
367,Kyle Wiltjer,-8.2,2017
368,Aaron Brooks,-3.1,2017
369,Quinn Cook,-4.6,2017
370,Malcolm Delaney,-3.0,2017
371,Marcus Georges-Hunt,-11.6,2017
372,Jeff Green,-3.0,2017
373,Justin Harper,-13.0,2017
374,Jordan Hill,-11.5,2017
375,Marcelo Huertas,-4.4,2017
376,Joffrey Lauvergne,-3.2,2017
377,Mike Miller,-5.9,2017
378,Timofey Mozgov,-3.1,2017
379,Miles Plumlee,-3.6,2017
380,Ronnie Price,-6.1,2017
381,Brian Roberts,-3.8,2017
382,Brandon Rush,-3.2,2017
383,Luis Scola,-3.5,2017
384,Rodney Stuckey,-3.4,2017
385,Tyler Ulis,-3.1,2017
386,Anderson Varejao,-7.4,2017
387,Briante Weber,-5.0,2017
388,CJ Wilcox,-7.0,2017
389,Brandon Bass,-3.8,2017
390,DeAndre' Bembry,-4.3,2017
391,Isaiah Canaan,-3.6,2017
392,Omri Casspi,-3.8,2017
393,Matthew Dellavedova,-3.0,2017
394,Henry Ellenson,-6.6,2017
395,Treveon Graham,-5.8,2017
396,Gerald Green,-3.7,2017
397,Joe Harris,-3.3,2017
398,Manny Harris,-24.4,2017
399,Damian Jones,-7.7,2017
400,Jarell Martin,-3.9,2017
401,Patrick McCaw,-3.2,2017
402,KJ McDaniels,-3.8,2017
403,Georges Niang,-9.0,2017
404,Johnny O'Bryant III,-10.7,2017
405,Marshall Plumlee,-5.9,2017
406,Alex Poythress,-7.0,2017
407,Mike Scott,-5.9,2017
408,Ramon Sessions,-3.5,2017
409,Diamond Stone,-25.6,2017
410,Jared Sullinger,-7.1,2017
411,Jarrod Uthoff,-8.5,2017
412,Okaro White,-4.0,2017
413,Isaiah Whitehead,-3.2,2017
414,Paul Zipser,-3.4,2017
415,Jose Calderon,-4.0,2017
416,Jamal Crawford,-3.2,2017
417,Cheick Diallo,-6.9,2017
418,Kris Dunn,-3.3,2017
419,Patricio Garino,-21.7,2017
420,Gerald Henderson,-3.2,2017
421,James Jones,-4.7,2017
422,James Michael McAdoo,-4.4,2017
423,Daniel Ochefu,-12.4,2017
424,Metta World Peace,-7.7,2017
425,Wayne Selden,-4.9,2017
426,Kyle Singler,-5.0,2017
427,Hollis Thompson,-3.9,2017
428,Rashad Vaughn,-4.6,2017
429,Joe Young,-9.2,2017
430,Nicolas Brussino,-4.8,2017
431,Norris Cole,-9.3,2017
432,AJ Hammons,-9.0,2017
433,Udonis Haslem,-9.6,2017
434,Darrun Hilliard,-5.2,2017
435,Ben McLemore,-3.6,2017
436,Jordan McRae,-5.3,2017
437,Jordan Mickey,-9.4,2017
438,Georgios Papagiannis,-5.8,2017
439,Chandler Parsons,-4.2,2017
440,Pascal Siakam,-3.8,2017
441,Kay Felder,-5.9,2017
442,Spencer Hawes,-4.3,2017
443,Gary Payton II,-14.3,2017
444,Troy Williams,-4.8,2017
445,Stephen Zimmerman,-13.3,2017
446,Alan Anderson,-7.3,2017
447,Omer Asik,-5.6,2017
448,Anthony Bennett,-7.7,2017
449,Willie Cauley-Stein,-3.7,2017
450,Brandon Knight,-3.9,2017
451,Mindaugas Kuzminskas,-4.1,2017
452,Jake Layman,-7.8,2017
453,Josh McRoberts,-6.3,2017
454,Cameron Payne,-5.5,2017
455,Damjan Rudez,-7.4,2017
456,Jaylen Brown,-3.8,2017
457,Jonathan Gibson,-9.9,2017
458,Marcus Thornton,-5.6,2017
459,Trey Burke,-5.1,2017
460,Donatas Motiejunas,-6.5,2017
461,Sergio Rodriguez,-3.9,2017
462,Lance Thomas,-4.5,2017
463,Bojan Bogdanovic,-3.6,2017
464,Kevin Seraphin,-5.8,2017
465,Randy Foye,-4.4,2017
466,Shelvin Mack,-4.3,2017
467,Ivica Zubac,-6.4,2017
468,Ed Davis,-5.6,2017
469,Bryn Forbes,-9.1,2017
470,Andrew Harrison,-4.2,2017
471,Doug McDermott,-4.3,2017
472,Meyers Leonard,-4.8,2017
473,Andrew Nicholson,-10.0,2017
474,Marquese Chriss,-4.3,2017
475,Mario Hezonja,-5.9,2017
476,Wade Baldwin IV,-10.0,2017
477,Julius Randle,-4.2,2017
478,Bismack Biyombo,-4.6,2017
479,Jahlil Okafor,-5.7,2017
480,Derrick Williams,-7.4,2017
481,Semaj Christon,-7.1,2017
482,Arron Afflalo,-6.0,2017
483,Emmanuel Mudiay,-6.5,2017
484,D.J. Augustin,-6.4,2017
485,Brandon Ingram,-5.2,2017
0,James Harden,10.1,2018
1,LeBron James,5.8,2018
2,Victor Oladipo,7.5,2018
3,Chris Paul,8.6,2018
4,Kevin Durant,5.2,2018
5,Giannis Antetokounmpo,5.5,2018
6,Anthony Davis,5.3,2018
7,Damian Lillard,6.0,2018
8,Jimmy Butler,8.1,2018
9,Kemba Walker,6.0,2018
10,Jrue Holiday,4.4,2018
11,Kyle Lowry,5.3,2018
12,Stephen Curry,7.6,2018
13,Russell Westbrook,4.4,2018
14,Draymond Green,4.3,2018
15,Robert Covington,4.4,2018
16,Al Horford,4.1,2018
17,Nikola Jokic,5.5,2018
18,Karl-Anthony Towns,3.8,2018
19,Paul George,3.3,2018
20,Eric Bledsoe,4.4,2018
21,Otto Porter Jr.,4.4,2018
22,LaMarcus Aldridge,4.0,2018
23,Bradley Beal,2.8,2018
24,Clint Capela,3.7,2018
25,Joe Ingles,2.8,2018
26,Joel Embiid,4.3,2018
27,Khris Middleton,1.8,2018
28,Donovan Mitchell,2.1,2018
29,Ben Simmons,2.1,2018
30,Kyrie Irving,4.8,2018
31,Terry Rozier,2.6,2018
32,Darren Collison,3.8,2018
33,Steven Adams,2.6,2018
34,Rudy Gobert,3.6,2018
35,Klay Thompson,1.4,2018
36,Josh Richardson,2.1,2018
37,Jaylen Brown,1.8,2018
38,DeMar DeRozan,1.3,2018
39,Jayson Tatum,1.2,2018
40,Lou Williams,1.9,2018
41,Thaddeus Young,1.6,2018
42,Spencer Dinwiddie,2.5,2018
43,CJ McCollum,1.0,2018
44,JJ Redick,1.8,2018
45,Kyle Anderson,2.7,2018
46,Derrick Favors,1.9,2018
47,Gary Harris,2.1,2018
48,Jonas Valanciunas,2.7,2018
49,Fred VanVleet,4.1,2018
50,Nikola Mirotic,3.1,2018
51,Tyreke Evans,3.9,2018
52,Tobias Harris,1.2,2018
53,Delon Wright,3.6,2018
54,Blake Griffin,2.4,2018
55,Dwight Powell,3.4,2018
56,Goran Dragic,1.2,2018
57,Taj Gibson,0.8,2018
58,Kyle Korver,2.0,2018
59,Will Barton,0.9,2018
60,Kevin Love,1.4,2018
61,Ricky Rubio,1.2,2018
62,Al-Farouq Aminu,1.5,2018
63,Eric Gordon,0.7,2018
64,DeMarcus Cousins,2.5,2018
65,Jeremy Lamb,2.0,2018
66,Larry Nance Jr.,2.5,2018
67,Marcus Smart,1.6,2018
68,Tim Hardaway Jr.,2.0,2018
69,Dario Saric,0.6,2018
70,Jamal Murray,0.7,2018
71,P.J. Tucker,0.3,2018
72,Allen Crabbe,1.1,2018
73,Aaron Gordon,1.7,2018
74,Ersan Ilyasova,1.6,2018
75,Jakob Poeltl,2.5,2018
76,Kristaps Porzingis,2.8,2018
77,John Wall,2.4,2018
78,Buddy Hield,1.4,2018
79,Danny Green,1.5,2018
80,Kevon Looney,3.4,2018
81,Ish Smith,1.3,2018
82,Anthony Tolliver,1.8,2018
83,George Hill,0.6,2018
84,Kelly Olynyk,1.4,2018
85,Marc Gasol,0.4,2018
86,Michael Kidd-Gilchrist,1.4,2018
87,Kentavious Caldwell-Pope,0.2,2018
88,Andre Drummond,0.1,2018
89,Yogi Ferrell,0.6,2018
90,Andre Iguodala,0.8,2018
91,Tyus Jones,2.1,2018
92,Shabazz Napier,1.9,2018
93,J.J. Barea,1.7,2018
94,Dejounte Murray,1.1,2018
95,Bojan Bogdanovic,-0.3,2018
96,Rondae Hollis-Jefferson,0.8,2018
97,Trevor Ariza,-0.4,2018
98,DeMarre Carroll,0.3,2018
99,Rudy Gay,2.1,2018
100,Justin Holiday,0.2,2018
101,Amir Johnson,2.5,2018
102,Andrew Wiggins,-0.6,2018
103,Tyler Johnson,0.3,2018
104,Tomas Satoransky,1.0,2018
105,Davis Bertans,2.5,2018
106,Jusuf Nurkic,0.1,2018
107,Marvin Williams,0.4,2018
108,OG Anunoby,0.7,2018
109,Kent Bazemore,0.6,2018
110,Josh Hart,1.4,2018
111,James Johnson,0.1,2018
112,T.J. McConnell,0.4,2018
113,Dennis Schroder,0.2,2018
114,Lonzo Ball,0.6,2018
115,Nemanja Bjelica,1.4,2018
116,Julius Randle,-0.1,2018
117,Rajon Rondo,0.1,2018
118,Pascal Siakam,0.4,2018
119,Manu Ginobili,1.2,2018
120,Montrezl Harrell,1.7,2018
121,Joe Harris,0.2,2018
122,E'Twaun Moore,-0.8,2018
123,Dirk Nowitzki,0.2,2018
124,Aron Baynes,0.2,2018
125,Reggie Bullock,0.4,2018
126,Royce O'Neale,1.2,2018
127,Andre Roberson,2.6,2018
128,Ryan Anderson,0.1,2018
129,Carmelo Anthony,-0.8,2018
130,Jordan Bell,2.7,2018
131,Ed Davis,0.7,2018
132,Lauri Markkanen,-0.1,2018
133,Kyle O'Quinn,1.0,2018
134,Wilson Chandler,-0.6,2018
135,Jordan Clarkson,-0.3,2018
136,Pau Gasol,-0.1,2018
137,Marcin Gortat,-0.4,2018
138,Patty Mills,-0.5,2018
139,T.J. Warren,-0.4,2018
140,David West,1.6,2018
141,Justise Winslow,0.0,2018
142,Jerami Grant,0.0,2018
143,Jerian Grant,0.2,2018
144,Jeff Green,-0.6,2018
145,Devin Harris,0.9,2018
146,Enes Kanter,0.0,2018
147,Trey Lyles,0.8,2018
148,Nene,2.9,2018
149,D.J. Augustin,-0.1,2018
150,Evan Fournier,-0.3,2018
151,Thabo Sefolosha,3.2,2018
152,Jeff Teague,-0.9,2018
153,Langston Galloway,2.5,2018
154,CJ Miles,0.1,2018
155,Marco Belinelli,-0.8,2018
156,Corey Brewer,0.4,2018
157,Reggie Jackson,0.9,2018
158,Cory Joseph,-0.9,2018
159,Devin Booker,-0.6,2018
160,Dillon Brooks,-1.0,2018
161,Darius Miller,-0.8,2018
162,Hassan Whiteside,0.2,2018
163,Bogdan Bogdanovic,-0.9,2018
164,John Collins,-0.5,2018
165,James Ennis III,-0.4,2018
166,Shelvin Mack,0.2,2018
167,Garrett Temple,-0.3,2018
168,Nikola Vucevic,-0.5,2018
169,Malcolm Brogdon,-0.4,2018
170,Trey Burke,2.0,2018
171,Wayne Ellington,-1.0,2018
172,Danilo Gallinari,2.9,2018
173,John Henson,-0.9,2018
174,Serge Ibaka,-1.2,2018
175,Brook Lopez,-0.6,2018
176,Zaza Pachulia,0.9,2018
177,Nicolas Batum,-1.0,2018
178,Jose Calderon,0.8,2018
179,Pat Connaughton,-0.4,2018
180,Dewayne Dedmon,-0.4,2018
181,Mario Hezonja,-0.6,2018
182,Caris LeVert,-0.9,2018
183,Austin Rivers,-1.0,2018
184,Ekpe Udoh,1.6,2018
185,Vince Carter,0.5,2018
186,Luke Kennard,-0.5,2018
187,Courtney Lee,-1.3,2018
188,Luc Mbah a Moute,-0.8,2018
189,Harrison Barnes,-1.5,2018
190,Michael Carter-Williams,1.1,2018
191,JaVale McGee,1.1,2018
192,Bobby Portis,-0.8,2018
193,Dwyane Wade,-0.9,2018
194,Shaquille Harrison,4.8,2018
195,Jonas Jerebko,-0.3,2018
196,Wesley Johnson,-0.8,2018
197,Kyle Kuzma,-1.5,2018
198,Daniel Theis,0.3,2018
199,Paul Millsap,-0.3,2018
200,Stanley Johnson,-1.4,2018
201,Maxi Kleber,-0.6,2018
202,Ian Mahinmi,-0.6,2018
203,Salah Mejri,0.7,2018
204,Domantas Sabonis,-1.4,2018
205,Bam Adebayo,-1.2,2018
206,Mario Chalmers,-1.1,2018
207,Mike Conley,3.4,2018
208,Kris Dunn,-1.2,2018
209,Andrew Harrison,-0.9,2018
210,DeAndre Jordan,-1.8,2018
211,Shane Larkin,-0.1,2018
212,Greg Monroe,-0.7,2018
213,Cedi Osman,0.4,2018
214,Cameron Payne,1.1,2018
215,Sindarius Thornwell,-0.7,2018
216,Denzel Valentine,-1.6,2018
217,Tyson Chandler,-0.9,2018
218,Channing Frye,0.4,2018
219,Maurice Harkless,-1.1,2018
220,Frank Kaminsky,-1.6,2018
221,Kosta Koufos,-1.2,2018
222,Frank Ntilikina,-1.5,2018
223,Kelly Oubre Jr.,-1.8,2018
224,Cody Zeller,0.8,2018
225,Patrick Beverley,3.1,2018
226,Khem Birch,0.8,2018
227,MarShon Brooks,7.2,2018
228,Isaiah Canaan,1.9,2018
229,Tim Frazier,-0.3,2018
230,Mike James,0.2,2018
231,Alex Len,-1.4,2018
232,Kawhi Leonard,6.2,2018
233,Alec Burks,-1.2,2018
234,Willie Cauley-Stein,-1.9,2018
235,Torrey Craig,0.2,2018
236,Raymond Felton,-1.6,2018
237,Danuel House Jr.,1.8,2018
238,Mike Muscala,-1.2,2018
239,Tristan Thompson,-1.6,2018
240,Evan Turner,-1.9,2018
241,Myles Turner,-1.9,2018
242,Alex Abrines,-1.5,2018
243,Omri Casspi,-0.7,2018
244,Sam Dekker,-0.9,2018
245,Malcolm Delaney,-1.3,2018
246,Gerald Green,-1.4,2018
247,Brandon Ingram,-2.0,2018
248,Damion Lee,1.3,2018
249,Boban Marjanovic,1.9,2018
250,Eric Moreland,-0.9,2018
251,Raul Neto,-0.1,2018
252,Lucas Nogueira,0.8,2018
253,Chandler Parsons,-0.4,2018
254,Mason Plumlee,-1.7,2018
255,Terrence Ross,-0.1,2018
256,Isaiah Taylor,-1.3,2018
257,Jason Terry,-0.8,2018
258,C.J. Williams,-0.5,2018
259,Brandan Wright,1.5,2018
260,Ron Baker,1.0,2018
261,Jae Crowder,-2.2,2018
262,Damyean Dotson,0.1,2018
263,Tyler Ennis,-0.6,2018
264,Dante Exum,1.1,2018
265,David Nwaba,-1.9,2018
266,Michael Beasley,-2.1,2018
267,Trevor Booker,-1.7,2018
268,Willy Hernangomez,-0.2,2018
269,Wesley Matthews,-2.2,2018
270,Markieff Morris,-2.2,2018
271,Elfrid Payton,-2.1,2018
272,Willie Reed,0.2,2018
273,JaKarr Sampson,0.6,2018
274,Milos Teodosic,-1.8,2018
275,Derrick White,5.2,2018
276,Troy Williams,1.0,2018
277,Jared Dudley,-1.3,2018
278,Jawun Evans,-1.6,2018
279,Dwight Howard,-2.3,2018
280,Josh Huestis,-1.8,2018
281,Dakari Johnson,3.7,2018
282,Frank Mason,-1.8,2018
283,Brandon Paul,-1.2,2018
284,Julyan Stone,2.5,2018
285,Jamil Wilson,0.7,2018
286,Ivica Zubac,-0.2,2018
287,Justin Anderson,-1.5,2018
288,Avery Bradley,-2.2,2018
289,Alex Caruso,-1.3,2018
290,Kyle Collinsworth,-0.9,2018
291,Jack Cooley,6.3,2018
292,Bryn Forbes,-2.2,2018
293,Treveon Graham,-2.1,2018
294,Andre Ingram,8.9,2018
295,Derrick Jones Jr.,0.6,2018
296,Shaun Livingston,-2.3,2018
297,Marcus Morris Sr.,-2.3,2018
298,Alec Peters,0.4,2018
299,Glenn Robinson III,-0.6,2018
300,Mike Scott,-2.3,2018
301,Noah Vonleh,-1.9,2018
302,Travis Wear,0.7,2018
303,Markelle Fultz,-0.5,2018
304,Richaun Holmes,-2.0,2018
305,Jarrett Jack,-2.4,2018
306,Ty Lawson,3.0,2018
307,Josh Magette,0.0,2018
308,Rodney McGruder,-1.0,2018
309,Nerlens Noel,-1.6,2018
310,Emeka Okafor,-1.2,2018
311,Jabari Parker,-2.1,2018
312,Jonathon Simmons,-2.4,2018
313,Marreese Speights,-1.8,2018
314,Ante Zizic,-0.1,2018
315,Wade Baldwin IV,1.9,2018
316,Lorenzo Brown,0.1,2018
317,Gian Clavell,4.4,2018
318,Dorian Finney-Smith,-1.7,2018
319,Myke Henry,-1.6,2018
320,Brice Johnson,0.9,2018
321,Luke Kornet,-1.8,2018
322,Jodie Meeks,-2.3,2018
323,Joakim Noah,7.4,2018
324,Taurean Prince,-2.6,2018
325,Rashad Vaughn,-0.6,2018
326,Isaiah Whitehead,-0.4,2018
327,Jacob Wiley,6.2,2018
328,Nick Young,-2.5,2018
329,Andrew Bogut,-2.1,2018
330,Dwight Buycks,-2.1,2018
331,Bruno Caboclo,-0.8,2018
332,Matt Costello,0.6,2018
333,Luol Deng,5.7,2018
334,Jonathan Gibson,0.8,2018
335,Nigel Hayes,-1.0,2018
336,Juancho Hernangomez,-2.4,2018
337,Vincent Hunter,17.3,2018
338,Jonathan Isaac,-2.4,2018
339,Wes Iwundu,-2.5,2018
340,Mangok Mathiang,10.9,2018
341,James Michael McAdoo,2.9,2018
342,Monte Morris,7.6,2018
343,Johnathan Motley,-1.7,2018
344,Gary Payton II,-2.0,2018
345,Devin Robinson,10.3,2018
346,Ramon Sessions,-2.5,2018
347,Xavier Silas,18.6,2018
348,Mirza Teletovic,-1.5,2018
349,Tyler Ulis,-2.6,2018
350,Derrick Walton Jr.,-1.7,2018
351,Jeff Withey,4.4,2018
352,Tony Allen,-3.0,2018
353,Malik Beasley,-2.6,2018
354,Chris Boucher,-44.8,2018
355,Tony Bradley,0.3,2018
356,Anthony Brown,21.1,2018
357,Sterling Brown,-2.8,2018
358,Nicolas Brussino,-3.0,2018
359,Charles Cooke,-4.5,2018
360,Jordan Crawford,-2.2,2018
361,Tyler Dorsey,-2.8,2018
362,PJ Dozier,-7.9,2018
363,Jarell Eddie,2.4,2018
364,Gordon Hayward,-15.7,2018
365,Reggie Hearn,-4.4,2018
366,Scotty Hopson,-14.0,2018
367,RJ Hunter,-2.8,2018
368,Al Jefferson,-2.9,2018
369,Brandon Jennings,-2.8,2018
370,Mindaugas Kuzminskas,-32.6,2018
371,Skal Labissiere,-2.8,2018
372,Tyler Lydon,-16.1,2018
373,Doug McDermott,-2.8,2018
374,Trey McKinney-Jones,-8.8,2018
375,Alfonzo McKinnie,-4.3,2018
376,Josh McRoberts,-17.5,2018
377,Malcolm Miller,-3.1,2018
378,Naz Mitrou-Long,72.6,2018
379,Georges Niang,-0.9,2018
380,Marcus Paige,-1.3,2018
381,Justin Patton,9.8,2018
382,Kendrick Perkins,-4.6,2018
383,Jacob Pullen,-14.9,2018
384,Josh Smith,-8.3,2018
385,Edmond Sumner,7.2,2018
386,Jameel Warney,-5.6,2018
387,Damien Wilkins,-3.3,2018
388,Alan Williams,-2.1,2018
389,Derrick Williams,-8.5,2018
390,Matt Williams Jr.,4.9,2018
391,Quincy Acy,-2.9,2018
392,Ryan Arcidiacono,-3.7,2018
393,Luke Babbitt,-3.0,2018
394,Tarik Black,-3.1,2018
395,Vander Blue,-6.8,2018
396,Markel Brown,-6.6,2018
397,Jeremy Evans,-28.0,2018
398,Kenneth Faried,-3.4,2018
399,Marcus Georges-Hunt,-3.5,2018
400,Daniel Hamilton,-7.5,2018
401,Omari Johnson,-4.4,2018
402,Jalen Jones,-4.1,2018
403,Zach LaVine,-2.9,2018
404,Jeremy Lin,-9.2,2018
405,Erik McCree,-16.0,2018
406,Chris McCullough,-4.7,2018
407,Luis Montero,-28.9,2018
408,Ben Moore,-19.9,2018
409,Xavier Munford,-15.0,2018
410,Adreian Payne,-7.8,2018
411,Tim Quarterman,-14.4,2018
412,Ivan Rabb,-3.0,2018
413,Iman Shumpert,-3.6,2018
414,Nik Stauskas,-3.1,2018
415,David Stockton,-11.3,2018
416,Caleb Swanigan,-3.7,2018
417,Marquis Teague,-6.2,2018
418,Isaiah Thomas,-2.9,2018
419,Dion Waiters,-3.1,2018
420,Nate Wolters,-8.7,2018
421,James Young,-5.2,2018
422,Tyler Zeller,-2.8,2018
423,Cole Aldrich,-11.0,2018
424,Ike Anigbogu,-13.2,2018
425,Jabari Bird,-5.5,2018
426,Joel Bolomboy,-12.3,2018
427,Thomas Bryant,-8.1,2018
428,Antonius Cleveland,-6.2,2018
429,Nick Collison,-8.1,2018
430,Dante Cunningham,-3.0,2018
431,Milton Doyle,-6.5,2018
432,Larry Drew II,-6.9,2018
433,Kay Felder,-6.0,2018
434,JaMychal Green,-3.0,2018
435,Udonis Haslem,-9.3,2018
436,Walter Lemon Jr.,-12.7,2018
437,Meyers Leonard,-3.9,2018
438,Timothe Luwawu-Cabarrot,-3.1,2018
439,Chinanu Onuaku,-16.0,2018
440,Patrick Patterson,-3.1,2018
441,Marshall Plumlee,-9.2,2018
442,Kyle Singler,-8.7,2018
443,Lance Thomas,-3.0,2018
444,Tyrone Wallace,-3.3,2018
445,Okaro White,-7.5,2018
446,Guerschon Yabusele,-4.0,2018
447,Joe Young,-3.5,2018
448,Kadeem Allen,-7.6,2018
449,Josh Gray,-9.8,2018
450,Solomon Hill,-4.9,2018
451,Darrun Hilliard,-8.4,2018
452,Richard Jefferson,-6.3,2018
453,Damian Jones,-9.0,2018
454,Furkan Korkmaz,-10.9,2018
455,Jake Layman,-6.0,2018
456,Jon Leuer,-7.6,2018
457,Jaylen Morris,-9.3,2018
458,London Perrantes,-13.0,2018
459,Alex Poythress,-8.4,2018
460,Derrick Rose,-3.8,2018
461,James Webb III,-7.3,2018
462,Antonio Blakeney,-5.1,2018
463,Aaron Brooks,-6.8,2018
464,Marquese Chriss,-3.3,2018
465,John Holland,-7.7,2018
466,Demetrius Jackson,-12.6,2018
467,Quincy Pondexter,-6.9,2018
468,Zhou Qi,-9.1,2018
469,Xavier Rathan-Mayes,-9.7,2018
470,Tony Snell,-3.1,2018
471,D.J. Wilson,-13.2,2018
472,Darrell Arthur,-9.6,2018
473,Omer Asik,-7.9,2018
474,DeAndre' Bembry,-5.0,2018
475,Tyler Cavanaugh,-4.6,2018
476,Aaron Harrison,-6.7,2018
477,Aaron Jackson,-20.4,2018
478,Jordan Mickey,-6.0,2018
479,Jahlil Okafor,-5.6,2018
480,Georgios Papagiannis,-10.0,2018
481,JR Smith,-3.1,2018
482,Briante Weber,-6.7,2018
483,Arron Afflalo,-4.4,2018
484,Jamel Artis,-7.2,2018
485,Jerryd Bayless,-4.0,2018
486,Quinn Cook,-4.0,2018
487,Henry Ellenson,-6.3,2018
488,TJ Leaf,-5.4,2018
489,Shabazz Muhammad,-5.2,2018
490,Miles Plumlee,-4.1,2018
491,Lance Stephenson,-3.3,2018
492,Bobby Brown,-13.8,2018
493,Ian Clark,-3.5,2018
494,Deyonta Davis,-4.2,2018
495,Matthew Dellavedova,-4.6,2018
496,Terrance Ferguson,-4.5,2018
497,Rodney Hood,-3.4,2018
498,Davon Reed,-8.8,2018
499,Cheick Diallo,-5.4,2018
500,Isaiah Hicks,-9.2,2018
501,Justin Jackson,-3.7,2018
502,Rodney Purvis,-8.3,2018
503,Zach Randolph,-3.8,2018
504,Wayne Selden,-5.1,2018
505,Andrew White III,-9.9,2018
506,Dwayne Bacon,-5.1,2018
507,Patrick McCaw,-4.6,2018
508,Malachi Richardson,-8.2,2018
509,D'Angelo Russell,-4.1,2018
510,Jarrett Allen,-4.1,2018
511,DeAndre Liggins,-5.6,2018
512,Timofey Mozgov,-8.1,2018
513,Jason Smith,-9.8,2018
514,Gorgui Dieng,-4.3,2018
515,Sean Kilpatrick,-6.3,2018
516,Ben McLemore,-4.7,2018
517,Johnny O'Bryant III,-8.6,2018
518,Norman Powell,-4.6,2018
519,Zach Collins,-5.1,2018
520,Jamal Crawford,-4.2,2018
521,Joffrey Lauvergne,-7.4,2018
522,Robin Lopez,-4.2,2018
523,Jarell Martin,-4.3,2018
524,Abdel Nader,-7.3,2018
525,Paul Zipser,-6.0,2018
526,Troy Daniels,-4.4,2018
527,Jameer Nelson,-5.6,2018
528,Tony Parker,-5.5,2018
529,Dragan Bender,-4.4,2018
530,De'Aaron Fox,-4.3,2018
531,Joe Johnson,-5.4,2018
532,Emmanuel Mudiay,-5.5,2018
533,Josh Jackson,-4.5,2018
534,Bismack Biyombo,-5.2,2018
535,Malik Monk,-7.6,2018
536,Thon Maker,-6.1,2018
537,Kobi Simmons,-9.8,2018
538,Semi Ojeleye,-6.3,2018
539,Dennis Smith Jr.,-5.5,2018
540,Cristiano Felicio,-9.0,2018
0,James Harden,10.7,2019
1,Paul George,9.5,2019
2,Nikola Jokic,8.8,2019
3,Stephen Curry,7.8,2019
4,Damian Lillard,5.6,2019
5,Kawhi Leonard,6.6,2019
6,Giannis Antetokounmpo,6.8,2019
7,Kyle Lowry,5.6,2019
8,Joel Embiid,7.5,2019
9,Kevin Durant,5.1,2019
10,Kemba Walker,5.7,2019
11,Rudy Gobert,5.4,2019
12,Eric Bledsoe,5.3,2019
13,Jimmy Butler,5.6,2019
14,Draymond Green,4.4,2019
15,Kyrie Irving,5.7,2019
16,Mike Conley,6.3,2019
17,Jrue Holiday,5.6,2019
18,Nikola Vucevic,4.8,2019
19,Danny Green,4.1,2019
20,Jusuf Nurkic,7.2,2019
21,Blake Griffin,4.5,2019
22,Bradley Beal,3.4,2019
23,Anthony Davis,7.4,2019
24,Pascal Siakam,2.6,2019
25,CJ McCollum,3.2,2019
26,Marc Gasol,2.8,2019
27,Andre Drummond,3.5,2019
28,Chris Paul,4.6,2019
29,LeBron James,5.5,2019
30,Danilo Gallinari,4.4,2019
31,Karl-Anthony Towns,3.5,2019
32,Khris Middleton,2.6,2019
33,Paul Millsap,3.9,2019
34,Al Horford,3.8,2019
35,Clint Capela,2.7,2019
36,Joe Ingles,2.4,2019
37,LaMarcus Aldridge,2.1,2019
38,Thaddeus Young,2.6,2019
39,Malcolm Brogdon,3.8,2019
40,Jamal Murray,1.7,2019
41,Steven Adams,1.8,2019
42,Derrick Favors,3.9,2019
43,Derrick White,3.7,2019
44,Patrick Beverley,2.5,2019
45,Jeremy Lamb,2.7,2019
46,Russell Westbrook,1.4,2019
47,De'Aaron Fox,1.7,2019
48,Kevon Looney,3.4,2019
49,Luka Doncic,2.2,2019
50,Marcus Smart,2.4,2019
51,P.J. Tucker,0.8,2019
52,Josh Richardson,1.8,2019
53,D'Angelo Russell,1.5,2019
54,Brook Lopez,1.1,2019
55,Buddy Hield,1.4,2019
56,JJ Redick,1.1,2019
57,Davis Bertans,3.3,2019
58,Montrezl Harrell,1.7,2019
59,Jerami Grant,0.9,2019
60,Jayson Tatum,1.0,2019
61,John Collins,2.7,2019
62,Rudy Gay,2.2,2019
63,Tobias Harris,0.3,2019
64,Al-Farouq Aminu,0.9,2019
65,Monte Morris,1.9,2019
66,Hassan Whiteside,3.1,2019
67,Andre Iguodala,1.5,2019
68,Donovan Mitchell,0.6,2019
69,Ersan Ilyasova,3.1,2019
70,Otto Porter Jr.,2.6,2019
71,Nemanja Bjelica,2.2,2019
72,Cory Joseph,1.4,2019
73,Larry Nance Jr.,2.2,2019
74,Klay Thompson,-0.2,2019
75,Delon Wright,2.5,2019
76,DeMar DeRozan,0.2,2019
77,Aaron Gordon,0.4,2019
78,Ricky Rubio,1.4,2019
79,Ben Simmons,-0.1,2019
80,Lou Williams,1.1,2019
81,Bogdan Bogdanovic,1.5,2019
82,Domantas Sabonis,1.5,2019
83,Darren Collison,0.8,2019
84,Spencer Dinwiddie,1.1,2019
85,George Hill,1.9,2019
86,Terrence Ross,0.7,2019
87,Devin Booker,0.6,2019
88,Dwight Powell,1.9,2019
89,Bojan Bogdanovic,0.0,2019
90,Jae Crowder,0.5,2019
91,Victor Oladipo,3.8,2019
92,Fred VanVleet,0.3,2019
93,Mikal Bridges,0.2,2019
94,Maurice Harkless,1.2,2019
95,Serge Ibaka,0.0,2019
96,Nikola Mirotic,1.8,2019
97,Jakob Poeltl,2.1,2019
98,Bam Adebayo,0.8,2019
99,Evan Fournier,-0.2,2019
100,Gordon Hayward,0.5,2019
101,Jonathan Isaac,0.5,2019
102,Maxi Kleber,1.8,2019
103,Kentavious Caldwell-Pope,0.5,2019
104,Robert Covington,2.8,2019
105,Tim Hardaway Jr.,0.5,2019
106,Joe Harris,0.0,2019
107,Myles Turner,0.1,2019
108,D.J. Augustin,-0.1,2019
109,Gary Harris,0.1,2019
110,Josh Hart,0.9,2019
111,Caris LeVert,2.5,2019
112,Kelly Olynyk,0.8,2019
113,Landry Shamet,0.4,2019
114,Jared Dudley,2.0,2019
115,Patty Mills,0.2,2019
116,Jordan Clarkson,0.0,2019
117,DeMarcus Cousins,3.7,2019
118,Rodney Hood,-0.2,2019
119,Enes Kanter,0.0,2019
120,Derrick Rose,1.5,2019
121,Royce O'Neale,0.3,2019
122,Josh Okogie,0.3,2019
123,Tomas Satoransky,-0.2,2019
124,Shabazz Napier,2.4,2019
125,Justise Winslow,-0.1,2019
126,Trey Burke,1.9,2019
127,Seth Curry,0.2,2019
128,Ed Davis,0.7,2019
129,Derrick Jones Jr.,1.7,2019
130,Kelly Oubre Jr.,-0.1,2019
131,Pat Connaughton,0.3,2019
132,Torrey Craig,-0.1,2019
133,Dewayne Dedmon,0.3,2019
134,Justin Holiday,-0.9,2019
135,Lauri Markkanen,0.2,2019
136,Dennis Schroder,-0.8,2019
137,Khem Birch,3.6,2019
138,Willie Cauley-Stein,-0.6,2019
139,Dorian Finney-Smith,-0.4,2019
140,Reggie Jackson,-0.7,2019
141,Tyus Jones,0.3,2019
142,Jonas Valanciunas,1.6,2019
143,Noah Vonleh,0.0,2019
144,Cody Zeller,1.0,2019
145,Ryan Arcidiacono,-0.5,2019
146,Aron Baynes,1.7,2019
147,Malik Beasley,-0.8,2019
148,Alex Caruso,5.3,2019
149,Shaquille Harrison,0.3,2019
150,Jaren Jackson Jr.,0.1,2019
151,Michael Kidd-Gilchrist,0.9,2019
152,Boban Marjanovic,2.6,2019
153,Shai Gilgeous-Alexander,-1.0,2019
154,Jeff Green,-0.8,2019
155,Rondae Hollis-Jefferson,0.4,2019
156,Wesley Matthews,-0.9,2019
157,David Nwaba,1.5,2019
158,Mitchell Robinson,0.2,2019
159,Tristan Thompson,0.7,2019
160,Nicolas Batum,-1.1,2019
161,Marcus Morris Sr.,-1.1,2019
162,Kyle Anderson,0.2,2019
163,Harrison Barnes,-1.3,2019
164,Tyreke Evans,-0.2,2019
165,Yogi Ferrell,0.8,2019
166,Luke Kornet,1.9,2019
167,Zach LaVine,-1.0,2019
168,Kevin Love,3.4,2019
169,Iman Shumpert,-0.4,2019
170,Lonzo Ball,-0.4,2019
171,Bruce Brown,-0.3,2019
172,Jalen Brunson,-0.6,2019
173,Langston Galloway,-0.9,2019
174,Nerlens Noel,0.4,2019
175,Jeff Teague,0.0,2019
176,Eric Gordon,-1.4,2019
177,Kyle Kuzma,-1.3,2019
178,JaVale McGee,-0.8,2019
179,T.J. Warren,-0.3,2019
180,Wayne Ellington,-0.6,2019
181,Thabo Sefolosha,2.0,2019
182,J.J. Barea,1.2,2019
183,DeMarre Carroll,-1.1,2019
184,Aaron Holiday,1.6,2019
185,Danuel House Jr.,-0.1,2019
186,Julius Randle,-1.4,2019
187,Jaylen Brown,-1.5,2019
188,Goran Dragic,0.1,2019
189,Juancho Hernangomez,-0.7,2019
190,Furkan Korkmaz,1.1,2019
191,TJ Leaf,2.5,2019
192,Jeremy Lin,-0.9,2019
193,Nene,1.7,2019
194,Omri Casspi,2.0,2019
195,Kenneth Faried,0.4,2019
196,Taj Gibson,-1.2,2019
197,DeAndre Jordan,-1.5,2019
198,Mason Plumlee,-1.4,2019
199,Terry Rozier,-1.5,2019
200,Dario Saric,-1.5,2019
201,Luol Deng,3.1,2019
202,Alex Len,-1.2,2019
203,Darius Miller,-1.4,2019
204,Raul Neto,2.0,2019
205,Norman Powell,-1.3,2019
206,Garrett Temple,-1.6,2019
207,Evan Turner,-1.5,2019
208,Kenrich Williams,-0.5,2019
209,Ivica Zubac,-0.6,2019
210,Marco Belinelli,-1.7,2019
211,Corey Brewer,1.6,2019
212,Gorgui Dieng,-0.6,2019
213,Bryn Forbes,-1.9,2019
214,Treveon Graham,-0.1,2019
215,Tyler Johnson,-1.3,2019
216,Frank Kaminsky,0.1,2019
217,Rodney McGruder,-1.3,2019
218,Mike Muscala,-1.0,2019
219,Elfrid Payton,-1.1,2019
220,Thomas Bryant,-1.5,2019
221,Michael Carter-Williams,1.4,2019
222,Donte DiVincenzo,1.8,2019
223,Kevin Huerter,-1.8,2019
224,Kyle Korver,-1.4,2019
225,Ish Smith,-1.3,2019
226,Andrew Wiggins,-2.0,2019
227,Avery Bradley,-1.9,2019
228,Vince Carter,-1.4,2019
229,Matthew Dellavedova,-0.6,2019
230,Richaun Holmes,-1.3,2019
231,Justin Jackson,-1.7,2019
232,Joakim Noah,-0.3,2019
233,Tony Snell,-1.5,2019
234,Dion Waiters,-1.2,2019
235,Kadeem Allen,1.1,2019
236,T.J. McConnell,-1.7,2019
237,Dennis Smith Jr.,-1.8,2019
238,Daniel Theis,-1.1,2019
239,Marvin Williams,-2.0,2019
240,Trae Young,-2.1,2019
241,Trevor Ariza,-2.2,2019
242,DeAndre' Bembry,-2.1,2019
243,Bruno Caboclo,-1.1,2019
244,Kris Dunn,-1.8,2019
245,Dante Exum,-0.7,2019
246,Devin Harris,-1.5,2019
247,Jake Layman,-1.7,2019
248,Ian Mahinmi,0.2,2019
249,Ryan Broekhoff,0.0,2019
250,Raymond Felton,-0.2,2019
251,Brandon Ingram,-2.0,2019
252,Robin Lopez,-2.0,2019
253,Jabari Parker,-2.1,2019
254,Dwyane Wade,-2.2,2019
255,D.J. Wilson,-1.4,2019
256,Deandre Ayton,-2.3,2019
257,Reggie Bullock,-2.2,2019
258,Zach Collins,-2.1,2019
259,Gerald Green,-2.2,2019
260,Jonas Jerebko,-2.0,2019
261,Jemerrio Jones,4.6,2019
262,Luke Kennard,-2.1,2019
263,Doug McDermott,-2.1,2019
264,Jordan McRae,0.2,2019
265,E'Twaun Moore,-2.0,2019
266,Rajon Rondo,-2.1,2019
267,Brad Wanamaker,-0.2,2019
268,Kent Bazemore,-2.3,2019
269,Tyson Chandler,-2.0,2019
270,Wilson Chandler,-2.1,2019
271,Allen Crabbe,-2.0,2019
272,Damyean Dotson,-2.4,2019
273,John Henson,1.3,2019
274,Wes Iwundu,-2.2,2019
275,Courtney Lee,-0.9,2019
276,Semi Ojeleye,-1.4,2019
277,John Wall,-2.1,2019
278,Tyler Zeller,4.6,2019
279,Andrew Bogut,-1.2,2019
280,Miles Bridges,-2.3,2019
281,Marcus Derrickson,6.3,2019
282,Devonte' Graham,-2.0,2019
283,Chandler Hutchison,-2.1,2019
284,Shaun Livingston,-2.2,2019
285,De'Anthony Melton,-2.1,2019
286,Theo Pinson,-0.4,2019
287,Devin Robinson,4.0,2019
288,Tyrone Wallace,-1.8,2019
289,Alan Williams,20.5,2019
290,Guerschon Yabusele,-0.8,2019
291,Alex Abrines,-2.2,2019
292,Jaron Blossomgame,-1.9,2019
293,Alec Burks,-2.5,2019
294,Troy Caupain,19.3,2019
295,Cheick Diallo,-2.3,2019
296,PJ Dozier,3.1,2019
297,Tim Frazier,-2.4,2019
298,Mario Hezonja,-2.4,2019
299,RJ Hunter,12.6,2019
300,Amir Johnson,-2.0,2019
301,Damian Jones,-2.0,2019
302,Scott Machado,19.7,2019
303,Shake Milton,-1.5,2019
304,Austin Rivers,-2.6,2019
305,Jerome Robinson,-1.8,2019
306,JaKarr Sampson,0.2,2019
307,Zhaire Smith,0.4,2019
308,Anthony Tolliver,-2.3,2019
309,Jarred Vanderbilt,1.5,2019
310,Quincy Acy,-0.6,2019
311,Justin Anderson,-2.5,2019
312,Kostas Antetokounmpo,10.1,2019
313,Dwayne Bacon,-2.4,2019
314,Ron Baker,-1.8,2019
315,Isaac Bonga,-1.4,2019
316,Deonte Burton,-1.8,2019
317,Mitchell Creek,0.8,2019
318,Troy Daniels,-2.5,2019
319,Deyonta Davis,-0.9,2019
320,Daniel Hamilton,-1.4,2019
321,Isaiah Hartenstein,-1.8,2019
322,Amile Jefferson,0.1,2019
323,Stanley Johnson,-2.6,2019
324,Damion Lee,-2.0,2019
325,Thon Maker,-2.4,2019
326,Yante Maten,16.0,2019
327,Tahjere McCall,22.9,2019
328,Salah Mejri,-2.3,2019
329,CJ Miles,-2.6,2019
330,Jaylen Morris,4.2,2019
331,Luc Mbah a Moute,0.5,2019
332,Dzanan Musa,-0.7,2019
333,Jahlil Okafor,-2.5,2019
334,Gary Payton II,9.5,2019
335,Quincy Pondexter,-1.9,2019
336,Taurean Prince,-2.6,2019
337,Cameron Reynolds,-2.1,2019
338,Ekpe Udoh,-2.1,2019
339,Thomas Welsh,1.7,2019
340,Johnathan Williams,-2.2,2019
341,DeVaughn Akoon-Purcell,-3.3,2019
342,Chris Boucher,-2.3,2019
343,Tony Bradley,-2.5,2019
344,Jevon Carter,-2.6,2019
345,Tyler Davis,20.3,2019
346,Angel Delgado,1.6,2019
347,Trevon Duval,6.2,2019
348,Vincent Edwards,-4.4,2019
349,Marcin Gortat,-2.8,2019
350,Donte Grantham,-46.3,2019
351,Isaiah Hicks,-1.0,2019
352,John Holland,0.2,2019
353,Demetrius Jackson,-0.5,2019
354,Walter Lemon Jr.,-2.2,2019
355,Zach Lofton,-3.6,2019
356,Jordan Loyd,-2.5,2019
357,Kalin Lucas,-2.8,2019
358,J.P. Macura,-4.2,2019
359,Greg Monroe,-2.9,2019
360,Zaza Pachulia,-2.7,2019
361,Justin Patton,-3.7,2019
362,Zhou Qi,-5.8,2019
363,Davon Reed,-2.7,2019
364,Jordan Sibert,-13.4,2019
365,Kobi Simmons,10.0,2019
366,DJ Stephens,-9.3,2019
367,Milos Teodosic,-3.4,2019
368,Emanuel Terry,0.7,2019
369,Allonzo Trier,-2.7,2019
370,Tyler Ulis,45.7,2019
371,Julian Washburn,-3.0,2019
372,Okaro White,0.5,2019
373,Robert Williams III,-2.7,2019
374,Christian Wood,-3.0,2019
375,Ante Zizic,-2.8,2019
376,Marvin Bagley III,-2.9,2019
377,Jonah Bolden,-3.1,2019
378,MarShon Brooks,-3.1,2019
379,Lorenzo Brown,-3.7,2019
380,Joe Chealey,-20.5,2019
381,Drew Eubanks,-4.7,2019
382,Jawun Evans,-7.0,2019
383,Melvin Frazier Jr.,-4.6,2019
384,Markelle Fultz,-3.2,2019
385,Pau Gasol,-3.1,2019
386,Brandon Goodwin,-4.7,2019
387,JaMychal Green,-2.8,2019
388,Dusty Hannahs,-13.4,2019
389,Udonis Haslem,-5.2,2019
390,Andre Ingram,-10.1,2019
391,Josh Jackson,-2.8,2019
392,Alize Johnson,-5.0,2019
393,BJ Johnson,-6.7,2019
394,Terrence Jones,-23.6,2019
395,George King,-22.4,2019
396,Ben McLemore,-4.2,2019
397,Donatas Motiejunas,-9.2,2019
398,Georges Niang,-3.2,2019
399,Miles Plumlee,-4.4,2019
400,Glenn Robinson III,-3.1,2019
401,JR Smith,-3.7,2019
402,Khyri Thomas,-4.1,2019
403,Nick Young,-9.8,2019
404,Rawle Alkins,-5.7,2019
405,Ike Anigbogu,-52.6,2019
406,Jordan Bell,-3.1,2019
407,Isaiah Briscoe,-3.5,2019
408,Sterling Brown,-3.1,2019
409,Tyler Cavanaugh,-13.1,2019
410,Chris Chiozza,-13.6,2019
411,Gary Clark,-3.3,2019
412,Bonzie Colson,-7.6,2019
413,Sam Dekker,-3.2,2019
414,Hamidou Diallo,-3.6,2019
415,Henry Ellenson,-4.0,2019
416,Andrew Harrison,-4.9,2019
417,Haywood Highsmith,-13.3,2019
418,Isaac Humphries,-8.3,2019
419,Jalen Jones,-4.2,2019
420,Tyler Lydon,-6.8,2019
421,Daryl Macon,-8.0,2019
422,Jarell Martin,-3.9,2019
423,Jodie Meeks,-5.4,2019
424,Malcolm Miller,-6.8,2019
425,Markieff Morris,-3.1,2019
426,Emmanuel Mudiay,-3.0,2019
427,Edmond Sumner,-4.4,2019
428,Isaiah Thomas,-5.2,2019
429,Sindarius Thornwell,-4.2,2019
430,Lonnie Walker IV,-5.2,2019
431,C.J. Williams,-5.8,2019
432,Deng Adel,-5.8,2019
433,Keita Bates-Diop,-3.9,2019
434,Michael Beasley,-4.8,2019
435,Dillon Brooks,-4.7,2019
436,Troy Brown Jr.,-3.5,2019
437,Wendell Carter Jr.,-3.2,2019
438,Billy Garrett,-11.7,2019
439,Solomon Hill,-3.4,2019
440,James Johnson,-3.3,2019
441,Kosta Koufos,-3.9,2019
442,Rodions Kurucs,-3.2,2019
443,Naz Mitrou-Long,-10.3,2019
444,Johnathan Motley,-6.7,2019
445,James Nunnally,-7.7,2019
446,Kyle O'Quinn,-4.2,2019
447,Chasson Randle,-3.6,2019
448,Duncan Robinson,-6.8,2019
449,Ray Spalding,-6.2,2019
450,Omari Spellman,-3.4,2019
451,Lance Stephenson,-3.3,2019
452,Gary Trent Jr.,-8.3,2019
453,Yuta Watanabe,-5.9,2019
454,Ryan Anderson,-5.1,2019
455,Carmelo Anthony,-5.1,2019
456,Tyler Dorsey,-3.8,2019
457,James Ennis III,-3.3,2019
458,Terrance Ferguson,-3.1,2019
459,Dwight Howard,-6.0,2019
460,Brandon Knight,-3.8,2019
461,Svi Mykhailiuk,-4.4,2019
462,Malachi Richardson,-9.5,2019
463,Jason Smith,-6.5,2019
464,Moritz Wagner,-4.6,2019
465,Troy Williams,-5.5,2019
466,Jacob Evans,-7.5,2019
467,Jimmer Fredette,-17.3,2019
468,John Jenkins,-5.4,2019
469,Skal Labissiere,-7.5,2019
470,Patrick McCaw,-4.8,2019
471,Alfonzo McKinnie,-3.5,2019
472,Chimezie Metu,-8.9,2019
473,Eric Moreland,-15.2,2019
474,Tony Parker,-3.7,2019
475,Cameron Payne,-4.2,2019
476,Alex Poythress,-5.7,2019
477,Anfernee Simons,-9.6,2019
478,Jared Terrell,-11.8,2019
479,OG Anunoby,-3.6,2019
480,Isaiah Canaan,-4.5,2019
481,Harry Giles III,-4.1,2019
482,Willy Hernangomez,-4.1,2019
483,Wesley Johnson,-4.8,2019
484,Brandon Sampson,-8.0,2019
485,Jonathon Simmons,-3.9,2019
486,Caleb Swanigan,-9.8,2019
487,Jaylen Adams,-6.1,2019
488,Wade Baldwin IV,-16.5,2019
489,Dairis Bertans,-11.0,2019
490,Dante Cunningham,-4.2,2019
491,Meyers Leonard,-4.1,2019
492,Jon Leuer,-6.1,2019
493,Frank Mason,-5.7,2019
494,Frank Ntilikina,-4.3,2019
495,Mike Scott,-3.7,2019
496,Jerian Grant,-4.3,2019
497,Trey Lyles,-4.2,2019
498,Chandler Parsons,-5.7,2019
499,Bismack Biyombo,-5.0,2019
500,Patrick Patterson,-4.8,2019
501,Malik Monk,-4.3,2019
502,Ivan Rabb,-5.5,2019
503,Lance Thomas,-5.3,2019
504,Will Barton,-4.2,2019
505,Elie Okobo,-5.0,2019
506,Bobby Portis,-4.5,2019
507,Nik Stauskas,-4.9,2019
508,Frank Jackson,-4.7,2019
509,Mo Bamba,-6.2,2019
510,Dragan Bender,-5.9,2019
511,Jose Calderon,-6.8,2019
512,Ian Clark,-5.3,2019
513,Cristiano Felicio,-6.3,2019
514,Timothe Luwawu-Cabarrot,-6.7,2019
515,Shelvin Mack,-4.8,2019
516,Abdel Nader,-6.7,2019
517,Channing Frye,-11.4,2019
518,Dirk Nowitzki,-6.6,2019
519,Cedi Osman,-3.9,2019
520,Quinn Cook,-5.2,2019
521,Grayson Allen,-10.3,2019
522,Jerryd Bayless,-8.1,2019
523,Antonio Blakeney,-7.1,2019
524,Marquese Chriss,-10.3,2019
525,Jarrett Allen,-4.6,2019
526,Jamal Crawford,-6.8,2019
527,Wayne Selden,-6.3,2019
528,Kevin Knox II,-8.1,2019
529,Collin Sexton,-8.3,2019
